{
    "endoso_id": "endoso_82",
    "endoso_master_id": "82",
    "contract_no": "FW16603U",
    "subgrupo": "DEPENDIENTES",
    "type": "standard",
    "endoso_details": {
        "name": "PREEXISTENCIA",
        "key": "",
        "title": "",
        "subtitle": "",
        "description": "Incluida, se atienden a partir de cumplir 24 meses en el seguro, debiendo respetarse el período de preexistencia de la vigencia anterior a los demás participantes. Quedan cubiertas las enfermedades o accidentes preexistentes cubiertos por las póliza, aún y cuando: a) La sintomatología previa a dicha enfermedad no haya pasado desapercibida. b) Se hubiera establecido diagnóstico antes del alta del Asegurado en estas pólizas. c) Existan gastos efectuados con anterioridad al inicio de la Cobertura. Sólo quedarán cubiertos los gastos realizados durante la vigencia de estas pólizas. Este endoso modifica, en su caso, la exclusión estipulada en las Condiciones Generales de las pólizas. Para que el presente endoso entre en vigor, el Asegurado deberá cumplir con un periodo de espera a partir de su inscripción en la póliza, de 24 meses. Reconocimiento de Antigüedad: Aplica, siempre y cuando, en la(s) vigencia(s) anterior(es), cuente con la cobertura de preexistencia. Será cubierta: Únicamente en territorio nacional",
        "parameters": {
            "column_parameters": [],
            "row_parameters": [
                {
                    "row_parameter_name": "suma asegurada",
                    "value": "",
                    "unit": "",
                    "type": "std"
                },
                {
                    "row_parameter_name": "deducible",
                    "value": "",
                    "unit": "",
                    "type": "std"
                },
                {
                    "row_parameter_name": "coaseguro",
                    "value": "",
                    "unit": "",
                    "type": "std"
                },
                {
                    "row_parameter_name": "tope de coaseguro",
                    "value": "",
                    "unit": "",
                    "type": "std"
                },
                {
                    "row_parameter_name": "periodo espera",
                    "value": "24",
                    "unit": "meses",
                    "type": "std"
                },
                {
                    "row_parameter_name": "reconocimiento de antigüedad",
                    "value": "Aplica",
                    "type": "std"
                },
                {
                    "row_parameter_name": "requisitos",
                    "value": "",
                    "type": "std"
                },
                {
                    "row_parameter_name": "gastos cubiertos",
                    "value": "Quedan cubiertas las enfermedades o accidentes preexistentes cubiertos por las póliza.",
                    "type": "std"
                },
                {
                    "row_parameter_name": "gastos no cubiertos",
                    "value": "",
                    "type": "std"
                },
                {
                    "row_parameter_name": "aplicación de deducible y/o coaseguro",
                    "value": "",
                    "type": "std"
                },
                {
                    "row_parameter_name": "condiciones generales",
                    "value": "Para los demás términos y condiciones, aplicarán las Condiciones Generales vigentes del producto contratado. Este Endoso forma parte del Contrato de Seguro.",
                    "type": "std"
                },
                {
                    "row_parameter_name": "elegibilidad",
                    "value": "",
                    "type": "exception"
                },
                {
                    "row_parameter_name": "territorio de cobertura",
                    "value": "nacional",
                    "type": "exception"
                }
            ]
        },
        "legal": ""
    },
    "global_information": {
        "effective_date": "",
        "expiration_date": "",
        "factor": "",
        "type": ""
    },
    "business_rules": {
        "experience": "",
        "product_type": "",
        "min_net_premium": "",
        "min_population": ""
    },
    "status": "",
    "comment": [
        {
            "name": "",
            "date": "",
            "comment": ""
        }
    ]
}