{
    "endoso_id": "endoso_82",
    "endoso_master_id": "82",
    "contract_no": "FW24521I",
    "subgrupo": "GENERAL",
    "type": "standard",
    "endoso_details": {
        "name": "PREEXISTENCIA",
        "key": "",
        "title": "",
        "subtitle": "",
        "description": "Quedan  cubiertas las  enfermedades o accidentes preexistentes cubiertos por la presente póliza, aún y cuando: a) La sintomatología previa a dicha enfermedad no haya pasado desapercibida. b) Se  hubiera  establecido diagnóstico antes del alta del Asegurado en esta póliza. c) Existan  gastos efectuados con anterioridad al inicio de la Cobertura. Sólo  quedaran  cubiertos los  gastos realizados durante la vigencia de esta póliza. Este  endoso modifica  la exclusión  estipulada en las Condiciones Generales del producto contratado, en el apartado V. Gastos Médicos Mayores No Cubiertos, inciso 1. El  Asegurado deberá  cumplir  con un periodo de espera, a partir de su inscripción en la póliza, de: 2 Años AXA Seguros, S.A. de C.V.: Reconocerá el  tiempo  que  el Asegurado haya  tenido esta cobertura en esta compañía u otra(s) compañía(s) de seguros; siempre  y  cuando  no  exista un periodo al descubierto mayor a 30 días. Esta cobertura aplicará de acuerdo a lo arriba señalado. Se cubre únicamente en territorio nacional. Los  demás términos  y  condiciones,  deben operar conforme se señala en las Condiciones Generales del producto contratado. Este endoso forma parte integral y complementa las Condiciones Generales del Seguro.",
        "parameters": {
            "column_parameters": "",
            "row_parameters": [
                {
                    "row_parameter_name": "suma asegurada",
                    "value": "",
                    "unit": "",
                    "type": "std"
                },
                {
                    "row_parameter_name": "deducible",
                    "value": "",
                    "unit": "",
                    "type": "std"
                },
                {
                    "row_parameter_name": "coaseguro",
                    "value": "",
                    "unit": "",
                    "type": "std"
                },
                {
                    "row_parameter_name": "tope de coaseguro",
                    "value": "",
                    "unit": "",
                    "type": "std"
                },
                {
                    "row_parameter_name": "periodo espera",
                    "value": "2",
                    "unit": "Años",
                    "type": "std"
                },
                {
                    "row_parameter_name": "reconocimiento de antigüedad",
                    "value": "aplica",
                    "type": "std"
                },
                {
                    "row_parameter_name": "requisitos",
                    "value": "",
                    "type": "std"
                },
                {
                    "row_parameter_name": "gastos cubiertos",
                    "value": "Quedan  cubiertas las  enfermedades o accidentes preexistentes cubiertos por la presente póliza.",
                    "type": "std"
                },
                {
                    "row_parameter_name": "gastos no cubiertos",
                    "value": "",
                    "type": "std"
                },
                {
                    "row_parameter_name": "aplicación de deducible y/o coaseguro",
                    "value": "",
                    "type": "std"
                },
                {
                    "row_parameter_name": "condiciones generales",
                    "value": "Los  demás términos  y  condiciones,  deben operar conforme se señala en las Condiciones Generales del producto contratado. Este endoso forma parte integral y complementa las Condiciones Generales del Seguro.",
                    "type": "std"
                },
                {
                    "row_parameter_name": "elegibilidad",
                    "value": "",
                    "type": "exception"
                },
                {
                    "row_parameter_name": "territorio de cobertura",
                    "value": "nacional",
                    "type": "exception"
                }
            ]
        },
        "legal": "Los  demás términos  y  condiciones,  deben operar conforme se señala en las Condiciones Generales del producto contratado. Este endoso forma parte integral y complementa las Condiciones Generales del Seguro."
    },
    "global_information": {
        "effective_date": "",
        "expiration_date": "",
        "factor": "",
        "type": ""
    },
    "business_rules": {
        "experience": "",
        "product_type": "",
        "min_net_premium": "",
        "min_population": ""
    },
    "status": "",
    "comment": [
        {
            "name": "",
            "date": "",
            "comment": ""
        }
    ]
}