{
    "endoso_id": "endoso_132",
    "endoso_master_id": "132",
    "contract_no": "FW23347M",
    "subgrupo": "UNIVERSIDAD DE SON",
    "type": "standard",
    "endoso_details": {
        "name": "Dependientes Economicos y Edades de Aceptacion",
        "key": "",
        "title": "",
        "subtitle": "",
        "description": "Se consideran dependientes económicos a los hijos hasta la edad de 35 años",
        "parameters": {
            "column_parameters": "",
            "row_parameters": [
                {
                    "row_parameter_name": "Descripcion",
                    "editable": true,
                    "active": true,
                    "type": "std",
                    "value_type": "text",
                    "value": "Se consideran dependientes económicos a los hijos hasta la edad de 35 años"
                },
                {
                    "row_parameter_name": "Elegibilidad",
                    "editable": true,
                    "active": true,
                    "type": "std",
                    "value_type": "titular/conyuge/hijos",
                    "value": ""
                },
                {
                    "row_parameter_name": "Hijos menores a",
                    "editable": true,
                    "active": true,
                    "type": "std",
                    "value_type": "digits",
                    "unit": "anos",
                    "value": "35"
                },
                {
                    "row_parameter_name": "Edad de aceptación",
                    "editable": true,
                    "active": true,
                    "type": "std",
                    "value_type": "digits",
                    "value": ""
                },
                {
                    "row_parameter_name": "Condiciones Generales",
                    "editable": true,
                    "active": true,
                    "type": "std",
                    "value_type": "string",
                    "value": "Para los demás términos y condiciones, aplicarán las Condiciones Generales vigentes del producto contratado. Este Endoso forma parte del Contrato de Seguro"
                },
                {
                    "row_parameter_name": "Gastos cubiertos",
                    "editable": true,
                    "active": true,
                    "type": "exception",
                    "value_type": "text",
                    "value": ""
                }
            ],
            "legal": ""
        }
    },
    "global_information": {
        "effective_date": "",
        "expiration_date": "",
        "factor": "",
        "type": ""
    },
    "business_rules": {
        "experience": "",
        "product_type": "",
        "min_net_premium": "",
        "min_population": ""
    },
    "status": "",
    "comment": [
        {
            "name": "",
            "date": "",
            "comment": ""
        }
    ]
}