{
    "endoso_id": "endoso_142",
    "endoso_master_id": "142",
    "contract_no": "FW47849B",
    "subgrupo": "INTERNACIONAL",
    "type": "standard",
    "endoso_details": {
        "name": "LITOTRIPSIAS",
        "key": "",
        "title": "",
        "subtitle": "",
        "description": "Como litotripsia se entiende el desmenuzamiento o fragmentaci¢n de un c lculo por medio del litotriptor.  Este endoso ampara el pago de honorarios m¿dicos, gastos de  ____________hospitalizaci¢n, medicamentos, renta del litotriptor endosc¢pico o extracorp¢reo y dem s gastos cubiertos generados dentro del hospital.  El monto m ximo a indemnizar ____________para este beneficio y/o cobertura ser :   Hasta el G.U.A.  Monto M ximo a__Indemnizar -   Pago Directo (M¿dico y Hospital en convenio de acuerdo al_nivel  hospitalario ____________contratado)  Deducible                0.00   S.M.G.M.   Coaseguro_    0.00   %   Reembolso:  Deducible            2,500.00   M.N.   Coaseguro_             10.00   %   En caso de ____________modificaci¢n del deducible y/o coaseguro originalmente pactado,_invariablemente se aplicar n los deducibles y coaseguros antes  mencionados_en dicha ____________cobertura/condici¢n.  El Asegurado deber  cumplir con un periodo de espera, a_partir de su  inscripci¢n en la p¢liza:  Se elimina periodo de espera  Se_cubre £nicamente en ____________territorio nacional.  Los dem s t¿rminos y condiciones, deben operar conforme_se se¤ala en las  Condiciones Generales del producto contratado.  Este endoso_forma parte ____________integral y complementa las Condiciones Generales  del Seguro ___________",
        "parameters": {
            "column_parameters": [
                {
                    "column_parameter_name": "Pago directo",
                    "column_parameter_details": [
                        {
                            "sub_column_parameter_name": "",
                            "row_parameters": [
                                {
                                    "row_parameter_name": "suma asegurada",
                                    "value": "",
                                    "unit": "",
                                    "type": "std"
                                },
                                {
                                    "row_parameter_name": "deducible",
                                    "value": "0.00",
                                    "unit": "S.M.G.M.",
                                    "type": "std"
                                },
                                {
                                    "row_parameter_name": "coaseguro",
                                    "value": "0.00",
                                    "unit": "%",
                                    "type": "std"
                                },
                                {
                                    "row_parameter_name": "periodo espera",
                                    "value": "Se elimina periodo de espera",
                                    "unit": "",
                                    "type": "std"
                                },
                                {
                                    "row_parameter_name": "territorio de cobertura",
                                    "value": "nacional",
                                    "unit": "",
                                    "type": "std"
                                },
                                {
                                    "row_parameter_name": "consulta postoperatoria",
                                    "value": "",
                                    "unit": "",
                                    "type": "std"
                                },
                                {
                                    "row_parameter_name": "consulta preoperatoria",
                                    "value": "",
                                    "unit": "",
                                    "type": "std"
                                },
                                {
                                    "row_parameter_name": "aplicación de deducible y/o coaseguro",
                                    "value": "",
                                    "unit": "",
                                    "type": "std"
                                },
                                {
                                    "row_parameter_name": "condiciones generales",
                                    "value": "Los dem s t¿rminos y condiciones, deben operar conforme se se¤ala en las Condiciones Generales del producto contratado. Este endoso forma parte integral y complementa las Condiciones Generales del Seguro",
                                    "unit": "",
                                    "type": "std"
                                },
                                {
                                    "row_parameter_name": "elegibilidad",
                                    "value": "",
                                    "unit": "",
                                    "type": "exception"
                                },
                                {
                                    "row_parameter_name": "tope de coaseguro",
                                    "value": "",
                                    "unit": "",
                                    "type": "exception"
                                },
                                {
                                    "row_parameter_name": "número de sesiones",
                                    "value": "",
                                    "unit": "",
                                    "type": "exception"
                                }
                            ]
                        }
                    ]
                },
                {
                    "column_parameter_name": "Reembolso",
                    "column_parameter_details": [
                        {
                            "sub_column_parameter_name": "",
                            "row_parameters": [
                                {
                                    "row_parameter_name": "suma asegurada",
                                    "value": "",
                                    "unit": "",
                                    "type": "std"
                                },
                                {
                                    "row_parameter_name": "deducible",
                                    "value": "2,500.00",
                                    "unit": "M.N.",
                                    "type": "std"
                                },
                                {
                                    "row_parameter_name": "coaseguro",
                                    "value": "10.00",
                                    "unit": "%",
                                    "type": "std"
                                },
                                {
                                    "row_parameter_name": "periodo espera",
                                    "value": "Se elimina periodo de espera",
                                    "unit": "",
                                    "type": "std"
                                },
                                {
                                    "row_parameter_name": "territorio de cobertura",
                                    "value": "nacional",
                                    "unit": "",
                                    "type": "std"
                                },
                                {
                                    "row_parameter_name": "consulta postoperatoria",
                                    "value": "",
                                    "unit": "",
                                    "type": "std"
                                },
                                {
                                    "row_parameter_name": "consulta preoperatoria",
                                    "value": "",
                                    "unit": "",
                                    "type": "std"
                                },
                                {
                                    "row_parameter_name": "aplicación de deducible y/o coaseguro",
                                    "value": "",
                                    "unit": "",
                                    "type": "std"
                                },
                                {
                                    "row_parameter_name": "condiciones generales",
                                    "value": "Los dem s t¿rminos y condiciones, deben operar conforme se se¤ala en las Condiciones Generales del producto contratado. Este endoso forma parte integral y complementa las Condiciones Generales del Seguro",
                                    "unit": "",
                                    "type": "std"
                                },
                                {
                                    "row_parameter_name": "elegibilidad",
                                    "value": "",
                                    "unit": "",
                                    "type": "exception"
                                },
                                {
                                    "row_parameter_name": "tope de coaseguro",
                                    "value": "",
                                    "unit": "",
                                    "type": "exception"
                                },
                                {
                                    "row_parameter_name": "número de sesiones",
                                    "value": "",
                                    "unit": "",
                                    "type": "exception"
                                }
                            ]
                        }
                    ]
                }
            ]
        },
        "legal": "Los dem s t¿rminos y condiciones, deben operar conforme se se¤ala en las Condiciones Generales del producto contratado. Este endoso forma parte integral y complementa las Condiciones Generales del Seguro"
    },
    "global_information": {
        "effective_date": "",
        "expiration_date": "",
        "factor": "",
        "type": ""
    },
    "business_rules": {
        "experience": "",
        "product_type": "",
        "min_net_premium": "",
        "min_population": ""
    },
    "status": "",
    "comment": [
        {
            "name": "",
            "date": "",
            "comment": ""
        }
    ]
}