{
    "endoso_id": "endoso_150",
    "endoso_master_id": "150",
    "contract_no": "FW47342B",
    "subgrupo": "DIRECTORES",
    "type": "standard",
    "endoso_details": {
        "name": "Tabulador",
        "key": "",
        "title": "",
        "subtitle": "",
        "description": "La base de tabulador para esta póliza de directores es Magno: $90,000.00 mn Este endoso forma parte integral y complementa las Condiciones Generales del Seguro",
        "parameters": {
            "column_parameters": "",
            "row_parameters": [
                {
                    "row_parameter_name": "El tabulador para reembolso contratado es",
                    "editable": true,
                    "active": true,
                    "type": "std",
                    "value_type": "string",
                    "value": "Magno: $90,000.00 mn"
                },
                {
                    "row_parameter_name": "Condiciones Generales",
                    "editable": true,
                    "active": true,
                    "type": "std",
                    "value_type": "string",
                    "value": "Este endoso forma parte integral y complementa las Condiciones Generales del Seguro"
                }
            ],
            "legal": ""
        }
    },
    "global_information": {
        "effective_date": "",
        "expiration_date": "",
        "factor": "",
        "type": ""
    },
    "business_rules": {
        "experience": "",
        "product_type": "",
        "min_net_premium": "",
        "min_population": ""
    },
    "status": "",
    "comment": [
        {
            "name": "",
            "date": "",
            "comment": ""
        }
    ]
}