{
    "endoso_id": "endoso_84",
    "endoso_master_id": "84",
    "contract_no": "FW82399B",
    "subgrupo": "NARANJA DIRECTORES",
    "type": "standard",
    "endoso_details": {
        "name": "URGENCIA MÉDICA EN EL EXTRANJERO (UMEX)",
        "key": "UMEX-032",
        "title": "",
        "subtitle": "",
        "description": "La Cobertura de Urgencias Médicas en el Extranjero, se regirá de acuerdo a la siguiente definición: Para efectos de esta cláusula se entenderá como Urgencia Médica en el Extranjero, cuando el asegurado o alguno de sus dependientes estando de visita en otro país, presente en forma súbita e imprevista cualquier alteración de su estado de salud, sea por accidente o enfermedad, que ponga en peligro su vida o sus funciones corporales y que requiera de tratamiento médico y/o quirúrgico. Deducible y Coaseguro Esta cobertura es adicional a la cobertura básica, aplicándose el beneficio máximo y deducible que se establece en la carátula de la póliza. En esta cobertura no se aplicará coaseguro. Terminación de la Urgencia Médica. Una vez tratado el paciente y estabilizada su condición patológica y si de acuerdo a la opinión del médico tratante el paciente puede continuar el tratamiento fuera del hospital, esta cobertura cesará. Pago de Reclamaciones Esta cobertua funciona en la forma tradicional de reembolso y tiene la opción de ser utilizada como pago directo. Sistema de Reembolso Funciona para aquellos gastos cubiertos por la póliza en atención médica de urgencia que: - No hubiese requerido internamiento mayor a 24 hrs. - El servicio médico se hubiere proporcionado en hospitales no afiliados. - Por la situación del internamiento (falta de documentos, duda en cuanto a la vigencia de la póliza, coberturas, alta de asegurados, pagos, etc.) no se hubiera dado autorización de pago directo. Sistema de Pago Directo A través de este sistema la Compañía pagará si así lo autoriza, directamente a los médicos y hospitales afiliados sin que el asegurado tenga que realizar desembolso por los gastos erogados, quedando únicamente a su cargo los gastos no cubiertos. En caso de que el asegurado optara por atenderse en un hospital y con médicos afiliados y que el internamiento sea mayor a 24 hrs., podrá hacer uso del sistema de pago directo en el que, previa verificación de la Compañía respecto a la procedencia del caso, vigencia de póliza, endosos especiales, alta de asegurados, pagos, etc., si procede el internamiento, la Compañía efectuará el pago de los gastos cubiertos por la póliza en forma directa al hospital y médicos afiliados, eliminando en estos casos la cantidad por concepto de deducible. Para operar dicho sistema se entregará al asegurado una tarjeta de identificación en la que se consignan los teléfonos de servicios en los que se proporcionará los nombres de los hospitales y médicos afiliados que lo puedan atender. Este sistema se otorgará sin cargo adicional de prima. Gastos Cubiertos 1. Cuarto semi-privado y alimentos del paciente. 2. Médicos y/o cirujanos. Honorarios por intervención quirúrgica, así como visitas intrahospitalarias. 3. Anestesista. Honorarios profesionales. 4. Suministros en hospital. Medicamentos, material médico, equipos anestésicos y sala de operaciones. 5. Servicio de diagnóstico. Exámenes de laboratorio y gabinete, radiografías, etc. 6. Servicio de ambulancia terrestre. En la localidad hacia o desde el hospital, siempre y cuando médicamente sea necesario. 7. Aparatos ortopédicos y prótesis, necesarios para el tratamiento médico. Esta cobertura no ampara. A. Tratamientos que no sean catalogados como de urgencia, de común acuerdo por el médico tratante y la Compañía. B. Las exclusiones y limitaciones de los gastos que se encuentren estipulados en las Condiciones Generales de la Póliza. C. La operación cesárea. C.N.S.F. OF. No. 06-367-I-1.1/9116, EXP. 732.2 (S-28)/4, Del 18 de Mayo de 1993.",
        "parameters": {
            "column_parameters": [
                {
                    "column_parameter_name": "Urgencias Médicas",
                    "column_parameter_details": [
                        {
                            "sub_column_parameter_name": "",
                            "row_parameters": [
                                {
                                    "row_parameter_name": "suma asegurada",
                                    "value": "",
                                    "unit": "",
                                    "type": "std"
                                },
                                {
                                    "row_parameter_name": "deducible",
                                    "value": "",
                                    "unit": "",
                                    "type": "std"
                                },
                                {
                                    "row_parameter_name": "coaseguro",
                                    "value": "0",
                                    "unit": "",
                                    "type": "std"
                                },
                                {
                                    "row_parameter_name": "información adicional",
                                    "value": "",
                                    "type": "std"
                                },
                                {
                                    "row_parameter_name": "gastos cubiertos",
                                    "value": "Cuarto semi-privado y alimentos del paciente. Médicos y/o cirujanos. Honorarios por intervención quirúrgica, así como visitas intrahospitalarias. Anestesista. Honorarios profesionales. Suministros en hospital. Medicamentos, material médico, equipos anestésicos y sala de operaciones. Servicio de diagnóstico. Exámenes de laboratorio y gabinete, radiografías, etc. Servicio de ambulancia terrestre. En la localidad hacia o desde el hospital, siempre y cuando médicamente sea necesario. Aparatos ortopédicos y prótesis, necesarios para el tratamiento médico.",
                                    "type": "std"
                                },
                                {
                                    "row_parameter_name": "gastos no cubiertos",
                                    "value": "Tratamientos que no sean catalogados como de urgencia, de común acuerdo por el médico tratante y la Compañía. Las exclusiones y limitaciones de los gastos que se encuentren estipulados en las Condiciones Generales de la Póliza. La operación cesárea.",
                                    "type": "std"
                                },
                                {
                                    "row_parameter_name": "aplicación de deducible y/o coaseguro",
                                    "value": "N",
                                    "type": "std"
                                },
                                {
                                    "row_parameter_name": "condiciones generales",
                                    "value": "Para los demás términos y condiciones, aplicarán las Condiciones Generales vigentes del producto contratado. Este Endoso forma parte del Contrato de Seguro.",
                                    "type": "std"
                                },
                                {
                                    "row_parameter_name": "elegibilidad",
                                    "value": "",
                                    "type": "exception"
                                },
                                {
                                    "row_parameter_name": "periodo de espera",
                                    "value": "",
                                    "type": "exception"
                                },
                                {
                                    "row_parameter_name": "tope de coaseguro",
                                    "value": "",
                                    "type": "exception"
                                },
                                {
                                    "row_parameter_name": "territorio de cobertura",
                                    "value": "extranjero",
                                    "type": "exception"
                                }
                            ]
                        }
                    ]
                }
            ]
        },
        "legal": "Para los demás términos y condiciones, aplicarán las Condiciones Generales vigentes del producto contratado. Este Endoso forma parte del Contrato de Seguro."
    },
    "global_information": {
        "effective_date": "",
        "expiration_date": "",
        "factor": "",
        "type": ""
    },
    "business_rules": {
        "experience": "",
        "product_type": "",
        "min_net_premium": "",
        "min_population": ""
    },
    "status": "",
    "comment": [
        {
            "name": "",
            "date": "",
            "comment": ""
        }
    ]
}