{
    "endoso_id": "endoso_142",
    "endoso_master_id": "142",
    "contract_no": "FW16403Y",
    "subgrupo": "ELITE SUB. 3",
    "type": "standard",
    "endoso_details": {
        "name": "LITOTRIPSIAS",
        "key": "",
        "title": "",
        "subtitle": "",
        "description": "Como litotripsia se entiende el desmenuzamiento o fragmentación de un cálculo por medio del litotriptor. Por concepto de la renta del litotriptor endoscópico o extracorpóreo, se cubre con una suma asegurada de hasta: Suma Asegurada La de la carátula de la póliza Por concepto de honorarios quirúrgicos, gastos de hospitalización, medicamentos y demás gastos cubiertos generados dentro del hospital, aplicando los deducibles y coaseguros correspondientes, se tendrá una suma asegurada hasta de: Suma Asegurada La de la póliza Pago Directo: Deducible $2,650.0 m.n. (médico y hospital de convenio se reduce 1 S.M.G.M.) Coaseguro 10.00% (Se elimina el coaseguro con médico y hospital de convenio) Reembolso: Deducible $ 2,650.00 m.n. Coaseguro 10.00 % Invariablemente se aplicarán los deducibles y coaseguros antes mencionados en dicha cobertura. Invariablemente, El Asegurado deberá cumplir con un periodo de espera, a partir de su inscripción en la póliza, de: Se elimina periodo de espera Será cubierta: Únicamente en territorio nacional extranjero. Este endoso forma parte integral y complementa las Condiciones Generales del Seguro.",
        "parameters": {
            "column_parameters": [
                {
                    "column_parameter_name": "Pago directo",
                    "column_parameter_details": [
                        {
                            "sub_column_parameter_name": "",
                            "row_parameters": [
                                {
                                    "row_parameter_name": "suma asegurada",
                                    "value": "",
                                    "unit": "",
                                    "type": "std"
                                },
                                {
                                    "row_parameter_name": "deducible",
                                    "value": "2650",
                                    "unit": "m.n.",
                                    "type": "std"
                                },
                                {
                                    "row_parameter_name": "coaseguro",
                                    "value": "10.00",
                                    "unit": "%",
                                    "type": "std"
                                },
                                {
                                    "row_parameter_name": "periodo espera",
                                    "value": "Se elimina periodo de espera",
                                    "unit": "",
                                    "type": "std"
                                },
                                {
                                    "row_parameter_name": "territorio de cobertura",
                                    "value": "nacional extranjero",
                                    "unit": "",
                                    "type": "std"
                                },
                                {
                                    "row_parameter_name": "consulta postoperatoria",
                                    "value": "",
                                    "unit": "",
                                    "type": "std"
                                },
                                {
                                    "row_parameter_name": "consulta preoperatoria",
                                    "value": "",
                                    "unit": "",
                                    "type": "std"
                                },
                                {
                                    "row_parameter_name": "aplicación de deducible y/o coaseguro",
                                    "value": "",
                                    "unit": "",
                                    "type": "std"
                                },
                                {
                                    "row_parameter_name": "condiciones generales",
                                    "value": "Este endoso forma parte integral y complementa las Condiciones Generales del Seguro.",
                                    "unit": "",
                                    "type": "std"
                                },
                                {
                                    "row_parameter_name": "elegibilidad",
                                    "value": "",
                                    "unit": "",
                                    "type": "exception"
                                },
                                {
                                    "row_parameter_name": "tope de coaseguro",
                                    "value": "",
                                    "unit": "",
                                    "type": "exception"
                                },
                                {
                                    "row_parameter_name": "número de sesiones",
                                    "value": "",
                                    "unit": "",
                                    "type": "exception"
                                }
                            ]
                        }
                    ]
                },
                {
                    "column_parameter_name": "Reembolso",
                    "column_parameter_details": [
                        {
                            "sub_column_parameter_name": "",
                            "row_parameters": [
                                {
                                    "row_parameter_name": "suma asegurada",
                                    "value": "",
                                    "unit": "",
                                    "type": "std"
                                },
                                {
                                    "row_parameter_name": "deducible",
                                    "value": "2650",
                                    "unit": "m.n.",
                                    "type": "std"
                                },
                                {
                                    "row_parameter_name": "coaseguro",
                                    "value": "10.00",
                                    "unit": "%",
                                    "type": "std"
                                },
                                {
                                    "row_parameter_name": "periodo espera",
                                    "value": "Se elimina periodo de espera",
                                    "unit": "",
                                    "type": "std"
                                },
                                {
                                    "row_parameter_name": "territorio de cobertura",
                                    "value": "nacional extranjero",
                                    "unit": "",
                                    "type": "std"
                                },
                                {
                                    "row_parameter_name": "consulta postoperatoria",
                                    "value": "",
                                    "unit": "",
                                    "type": "std"
                                },
                                {
                                    "row_parameter_name": "consulta preoperatoria",
                                    "value": "",
                                    "unit": "",
                                    "type": "std"
                                },
                                {
                                    "row_parameter_name": "aplicación de deducible y/o coaseguro",
                                    "value": "",
                                    "unit": "",
                                    "type": "std"
                                },
                                {
                                    "row_parameter_name": "condiciones generales",
                                    "value": "Este endoso forma parte integral y complementa las Condiciones Generales del Seguro.",
                                    "unit": "",
                                    "type": "std"
                                },
                                {
                                    "row_parameter_name": "elegibilidad",
                                    "value": "",
                                    "unit": "",
                                    "type": "exception"
                                },
                                {
                                    "row_parameter_name": "tope de coaseguro",
                                    "value": "",
                                    "unit": "",
                                    "type": "exception"
                                },
                                {
                                    "row_parameter_name": "número de sesiones",
                                    "value": "",
                                    "unit": "",
                                    "type": "exception"
                                }
                            ]
                        }
                    ]
                }
            ]
        },
        "legal": "Este endoso forma parte integral y complementa las Condiciones Generales del Seguro."
    },
    "global_information": {
        "effective_date": "",
        "expiration_date": "",
        "factor": "",
        "type": ""
    },
    "business_rules": {
        "experience": "",
        "product_type": "",
        "min_net_premium": "",
        "min_population": ""
    },
    "status": "",
    "comment": [
        {
            "name": "",
            "date": "",
            "comment": ""
        }
    ]
}