{
    "endoso_id": "endoso_82",
    "endoso_master_id": "82",
    "contract_no": "FW24521Q",
    "subgrupo": "GENERAL",
    "type": "standard",
    "endoso_details": {
        "name": "PREEXISTENCIA",
        "key": "",
        "title": "",
        "subtitle": "",
        "description": "QUEDAN CUBIERTAS LAS ENFERMEDADES O ACCIDENTES PREEXISTENTES CUBIERTOS POR LA PRESENTE PÓLIZA, AúN Y CUANDO: A) LA SINTOMATOLOGÍA PREVIA A DICHA ENFERMEDAD NO HAYA PASADO DESAPERCIBIDA. B) SE HUBIERA ESTABLECIDO DIAGNÓSTICO ANTES DEL ALTA DEL ASEGURADO EN ESTA PÓLIZA. C) EXISTAN GASTOS EFECTUADOS CON ANTERIORIDAD AL INICIO DE LA COBERTURA. SÓLO QUEDARAN CUBIERTOS LOS GASTOS REALIZADOS DURANTE LA VIGENCIA DE ESTA PÓLIZA. ESTE ENDOSO MODIFICA LA EXCLUSIÓN ESTIPULADA EN LAS CONDICIONES GENERALES DEL PRODUCTO CONTRATADO, EN EL APARTADO V. GASTOS MÉDICOS MAYORES NO CUBIERTOS, INCISO 1. EL ASEGURADO DEBERÁ CUMPLIR CON UN PERIODO DE ESPERA, A PARTIR DE SU INSCRIPCIÓN EN LA PÓLIZA, DE: 2 AÑOS AXA SEGUROS, S.A. DE C.V.: RECONOCERÁ EL TIEMPO QUE EL ASEGURADO HAYA TENIDO ESTA COBERTURA EN ESTA COMPAÑÍA U OTRA(S) COMPAÑÍA(S) DE SEGUROS; SIEMPRE Y CUANDO NO EXISTA UN PERIODO AL DESCUBIERTO MAYOR A 30 DÍAS. ESTA COBERTURA APLICARÁ DE ACUERDO A LO ARRIBA SEÑALADO. SE CUBRE úNICAMENTE EN TERRITORIO NACIONAL. LOS DEMÁS TÉRMINOS Y CONDICIONES, DEBEN OPERAR CONFORME SE SEÑALA EN LAS CONDICIONES GENERALES DEL PRODUCTO CONTRATADO. ESTE ENDOSO FORMA PARTE INTEGRAL Y COMPLEMENTA LAS CONDICIONES GENERALES DEL SEGURO.",
        "parameters": {
            "column_parameters": [
                {
                    "column_parameter_name": "",
                    "column_parameter_details": [
                        {
                            "sub_column_parameter_name": "",
                            "row_parameters": [
                                {
                                    "row_parameter_name": "suma asegurada",
                                    "value": "",
                                    "unit": "",
                                    "type": "std"
                                },
                                {
                                    "row_parameter_name": "deducible",
                                    "value": "",
                                    "unit": "",
                                    "type": "std"
                                },
                                {
                                    "row_parameter_name": "coaseguro",
                                    "value": "",
                                    "unit": "",
                                    "type": "std"
                                },
                                {
                                    "row_parameter_name": "tope de coaseguro",
                                    "value": "",
                                    "unit": "",
                                    "type": "std"
                                },
                                {
                                    "row_parameter_name": "periodo espera",
                                    "value": "2",
                                    "unit": "años",
                                    "type": "std"
                                },
                                {
                                    "row_parameter_name": "reconocimiento de antigüedad",
                                    "value": "aplica",
                                    "type": "std"
                                },
                                {
                                    "row_parameter_name": "requisitos",
                                    "value": "",
                                    "type": "std"
                                },
                                {
                                    "row_parameter_name": "gastos cubiertos",
                                    "value": "SÓLO QUEDARAN CUBIERTOS LOS GASTOS REALIZADOS DURANTE LA VIGENCIA DE ESTA PÓLIZA.",
                                    "type": "std"
                                },
                                {
                                    "row_parameter_name": "gastos no cubiertos",
                                    "value": "",
                                    "type": "std"
                                },
                                {
                                    "row_parameter_name": "aplicación de deducible y/o coaseguro",
                                    "value": "",
                                    "type": "std"
                                },
                                {
                                    "row_parameter_name": "condiciones generales",
                                    "value": "Para los demás términos y condiciones, aplicarán las Condiciones Generales vigentes del producto contratado. Este Endoso forma parte del Contrato de Seguro.",
                                    "type": "std"
                                },
                                {
                                    "row_parameter_name": "elegibilidad",
                                    "value": "",
                                    "type": "exception"
                                },
                                {
                                    "row_parameter_name": "territorio de cobertura",
                                    "value": "nacional",
                                    "type": "exception"
                                }
                            ]
                        }
                    ]
                }
            ]
        },
        "legal": "Para los demás términos y condiciones, aplicarán las Condiciones Generales vigentes del producto contratado. Este Endoso forma parte del Contrato de Seguro."
    },
    "global_information": {
        "effective_date": "",
        "expiration_date": "",
        "factor": "",
        "type": ""
    },
    "business_rules": {
        "experience": "",
        "product_type": "",
        "min_net_premium": "",
        "min_population": ""
    },
    "status": "",
    "comment": [
        {
            "name": "",
            "date": "",
            "comment": ""
        }
    ]
}