{
    "endoso_id": "endoso_84",
    "endoso_master_id": "84",
    "contract_no": "FW49973D",
    "subgrupo": "GENERAL",
    "type": "standard",
    "endoso_details": {
        "name": "POLIZA AUTOADMINISTRADA",
        "key": "POLI-034",
        "title": "",
        "subtitle": "",
        "description": "Por medio del presente endoso se establece que para la presente Póliza el sistema de Administración será de manera Autoadministrada, es decir, que los movimientos de altas y bajas de los Asegurados que el Contratante reporte a la Compañía, realizados durante la vigencia de la Póliza no generarán cobro o devolución de primas intervigencia, ya que estos serán aplicados y conciliados al final de la vigencia de la misma. El reporte de altas y bajas de Asegurados lo realizará el Contratante en un plazo no mayor a 30 días naturales posteriores a dicho movimiento, con la finalidad de que la Compañía esté en posibilidad de cubrir  los gastos que resultaren procedentes de acuerdo a lo establecido en las Condiciones Generales de la Póliza y Endosos aplicables. El ajuste de prima total al final de la vigencia se calculará de la siguiente forma: 1. Resultará de dividir la prima neta entre 360 días y multiplicarlo por los días resultantes, entre la fecha de fin de vigencia y la fecha de la alta/baja de asegurado. 2. Se obtiene la prima neta del ajuste anual, el cual se multiplica por el IVA, se suma el Recargo de Pago Fraccionado (en los casos que así proceda) y el Derecho de Póliza. Mediante el presente endoso el Contratante reconoce el adeudo que llegue a generarse de la aplicación y conciliación referida en el párrafo anterior, mismo que se verá reflejado en un recibo de ajuste que le será entregado al final de la vigencia. El Contratante tendrá un plazo máximo de 45 días naturales posteriores a la fecha de emisión del recibo de ajuste, para realizar el pago correspondiente, en el supuesto de que el Contratante no realice el pago en dicho plazo, a través del presente endoso reconoce dicho adeudo y se hace sabedor de que AXA procederá legalmente con la gestión de recuperación correspondiente Para los demás términos y condiciones, aplicarán las Condiciones Generales vigentes del producto contratado. Este Endoso forma parte del Contrato de Seguro.",
        "parameters": {
            "column_parameters": [
                {
                    "column_parameter_name": "Urgencias Médicas",
                    "column_parameter_details": [
                        {
                            "sub_column_parameter_name": "",
                            "row_parameters": [
                                {
                                    "row_parameter_name": "suma asegurada",
                                    "value": "",
                                    "unit": "",
                                    "type": "std"
                                },
                                {
                                    "row_parameter_name": "deducible",
                                    "value": "",
                                    "unit": "",
                                    "type": "std"
                                },
                                {
                                    "row_parameter_name": "coaseguro",
                                    "value": "",
                                    "unit": "",
                                    "type": "std"
                                },
                                {
                                    "row_parameter_name": "información adicional",
                                    "value": "",
                                    "type": "std"
                                },
                                {
                                    "row_parameter_name": "gastos cubiertos",
                                    "value": "",
                                    "type": "std"
                                },
                                {
                                    "row_parameter_name": "gastos no cubiertos",
                                    "value": "",
                                    "type": "std"
                                },
                                {
                                    "row_parameter_name": "aplicación de deducible y/o coaseguro",
                                    "value": "",
                                    "type": "std"
                                },
                                {
                                    "row_parameter_name": "condiciones generales",
                                    "value": "Para los demás términos y condiciones, aplicarán las Condiciones Generales vigentes del producto contratado. Este Endoso forma parte del Contrato de Seguro.",
                                    "type": "std"
                                },
                                {
                                    "row_parameter_name": "elegibilidad",
                                    "value": "",
                                    "type": "exception"
                                },
                                {
                                    "row_parameter_name": "periodo de espera",
                                    "value": "",
                                    "type": "exception"
                                },
                                {
                                    "row_parameter_name": "tope de coaseguro",
                                    "value": "",
                                    "type": "exception"
                                },
                                {
                                    "row_parameter_name": "territorio de cobertura",
                                    "value": "",
                                    "type": "exception"
                                }
                            ]
                        }
                    ]
                },
                {
                    "column_parameter_name": "Accidente",
                    "column_parameter_details": [
                        {
                            "sub_column_parameter_name": "",
                            "row_parameters": [
                                {
                                    "row_parameter_name": "suma asegurada",
                                    "value": "",
                                    "unit": "",
                                    "type": "std"
                                },
                                {
                                    "row_parameter_name": "deducible",
                                    "value": "",
                                    "unit": "",
                                    "type": "std"
                                },
                                {
                                    "row_parameter_name": "coaseguro",
                                    "value": "",
                                    "unit": "",
                                    "type": "std"
                                },
                                {
                                    "row_parameter_name": "información adicional",
                                    "value": "",
                                    "type": "std"
                                },
                                {
                                    "row_parameter_name": "gastos cubiertos",
                                    "value": "",
                                    "type": "std"
                                },
                                {
                                    "row_parameter_name": "gastos no cubiertos",
                                    "value": "",
                                    "type": "std"
                                },
                                {
                                    "row_parameter_name": "aplicación de deducible y/o coaseguro",
                                    "value": "",
                                    "type": "std"
                                },
                                {
                                    "row_parameter_name": "condiciones generales",
                                    "value": "Para los demás términos y condiciones, aplicarán las Condiciones Generales vigentes del producto contratado. Este Endoso forma parte del Contrato de Seguro.",
                                    "type": "std"
                                },
                                {
                                    "row_parameter_name": "elegibilidad",
                                    "value": "",
                                    "type": "exception"
                                },
                                {
                                    "row_parameter_name": "periodo de espera",
                                    "value": "",
                                    "type": "exception"
                                },
                                {
                                    "row_parameter_name": "tope de coaseguro",
                                    "value": "",
                                    "type": "exception"
                                },
                                {
                                    "row_parameter_name": "territorio de cobertura",
                                    "value": "",
                                    "type": "exception"
                                }
                            ]
                        }
                    ]
                }
            ]
        },
        "legal": "Para los demás términos y condiciones, aplicarán las Condiciones Generales vigentes del producto contratado. Este Endoso forma parte del Contrato de Seguro."
    },
    "global_information": {
        "effective_date": "",
        "expiration_date": "",
        "factor": "",
        "type": ""
    },
    "business_rules": {
        "experience": "",
        "product_type": "",
        "min_net_premium": "",
        "min_population": ""
    },
    "status": "",
    "comment": [
        {
            "name": "",
            "date": "",
            "comment": ""
        }
    ]
}