{
    "endoso_id": "endoso_82",
    "endoso_master_id": "82",
    "contract_no": "FS34281D",
    "subgrupo": "GENERAL",
    "type": "standard",
    "endoso_details": {
        "name": "PREEXISTENCIA",
        "key": "SPREEXISTENCIAS",
        "title": "",
        "subtitle": "",
        "description": "Se  cubren  enfermedades preexistentes aun cuando la sintomatología previa a dicha enfermedad no haya pasado desapercibida y se hubiera establecido diagnostico antes del alta del  asegurado  en la póliza y aun cuando existan reclamaciones de gastos anteriores al inicio de la cobertura. (Esto incluye pago de complementos de padecimiento, a Empleados nuevos en el plan por nueva contratación y se haya pactado el pago de gastos que ya existan).",
        "parameters": {
            "column_parameters": [],
            "row_parameters": [
                {
                    "row_parameter_name": "suma asegurada",
                    "value": "",
                    "unit": "",
                    "type": "std"
                },
                {
                    "row_parameter_name": "deducible",
                    "value": "",
                    "unit": "",
                    "type": "std"
                },
                {
                    "row_parameter_name": "coaseguro",
                    "value": "",
                    "unit": "",
                    "type": "std"
                },
                {
                    "row_parameter_name": "tope de coaseguro",
                    "value": "",
                    "unit": "",
                    "type": "std"
                },
                {
                    "row_parameter_name": "periodo espera",
                    "value": "",
                    "unit": "",
                    "type": "std"
                },
                {
                    "row_parameter_name": "reconocimiento de antigüedad",
                    "value": "",
                    "type": "std"
                },
                {
                    "row_parameter_name": "requisitos",
                    "value": "",
                    "type": "std"
                },
                {
                    "row_parameter_name": "gastos cubiertos",
                    "value": "Se  cubren  enfermedades preexistentes aun cuando la sintomatología previa a dicha enfermedad no haya pasado desapercibida y se hubiera establecido diagnostico antes del alta del  asegurado  en la póliza y aun cuando existan reclamaciones de gastos anteriores al inicio de la cobertura. (Esto incluye pago de complementos de padecimiento, a Empleados nuevos en el plan por nueva contratación y se haya pactado el pago de gastos que ya existan).",
                    "type": "std"
                },
                {
                    "row_parameter_name": "gastos no cubiertos",
                    "value": "",
                    "type": "std"
                },
                {
                    "row_parameter_name": "aplicación de deducible y/o coaseguro",
                    "value": "",
                    "type": "std"
                },
                {
                    "row_parameter_name": "condiciones generales",
                    "value": "Para los demás términos y condiciones, aplicarán las Condiciones Generales vigentes del producto contratado. Este Endoso forma parte del Contrato de Seguro.",
                    "type": "std"
                },
                {
                    "row_parameter_name": "elegibilidad",
                    "value": "",
                    "type": "exception"
                },
                {
                    "row_parameter_name": "territorio de cobertura",
                    "value": "",
                    "type": "exception"
                }
            ]
        },
        "legal": ""
    },
    "global_information": {
        "effective_date": "",
        "expiration_date": "",
        "factor": "",
        "type": ""
    },
    "business_rules": {
        "experience": "",
        "product_type": "",
        "min_net_premium": "",
        "min_population": ""
    },
    "status": "",
    "comment": [
        {
            "name": "",
            "date": "",
            "comment": ""
        }
    ]
}