{
    "endoso_id": "endoso_82",
    "endoso_master_id": "82",
    "contract_no": "FW50296C",
    "subgrupo": "SUBGRUPO MAGNO",
    "type": "standard",
    "endoso_details": {
        "name": "PREEXISTENCIA",
        "key": "",
        "title": "",
        "subtitle": "",
        "description": "La Compañía cubrirá los gastos médicos erogados por el Asegurado, durante la vigencia de ésta Póliza, por tratamientos y/o procedimientos derivados de Padecimientos Preexistentes a la fecha de alta del Asegurado en esta Póliza con AXA, siempre y cuando se cumpla con las siguientes condiciones: - En la fecha de diagnóstico y/o inicio de síntomas del padecimiento, el asegurado haya estado vigente en una póliza de Gastos Médicos Mayores del mismo Contratante o empresas del mismo grupo, emitida por ésta u otra institución de seguros. - No exista periodo al descubierto - Si efectuó pago en una póliza de Gastos Médicos Mayores del mismo Contratante o empresas del mismo grupo, se cubrirá bajo condiciones del endoso de complemento Los padecimientos que hayan sido diagnosticados y/o hayan presentado signos o síntomas antes del ingreso del Asegurado en una póliza de Gastos Médicos Mayores del mismo Contratante o empresas del mismo grupo, emitida por ésta u otra institución de seguros, quedarán cubiertos con un periodo de espera de 24 meses a partir de la fecha de antigüedad reconocida en la póliza. Para la cobertura de SIDA aplica de acuerdo al endoso especial existente. Para los demás términos y condiciones, aplicarán las Condiciones Generales vigentes del producto contratado. Este Endoso forma parte del Contrato de Seguro.",
        "parameters": {
            "column_parameters": [
                {
                    "column_parameter_name": "",
                    "column_parameter_details": [
                        {
                            "sub_column_parameter_name": "",
                            "row_parameters": [
                                {
                                    "row_parameter_name": "suma asegurada",
                                    "value": "",
                                    "unit": "",
                                    "type": "std"
                                },
                                {
                                    "row_parameter_name": "deducible",
                                    "value": "",
                                    "unit": "",
                                    "type": "std"
                                },
                                {
                                    "row_parameter_name": "coaseguro",
                                    "value": "",
                                    "unit": "",
                                    "type": "std"
                                },
                                {
                                    "row_parameter_name": "tope de coaseguro",
                                    "value": "",
                                    "unit": "",
                                    "type": "std"
                                },
                                {
                                    "row_parameter_name": "periodo espera",
                                    "value": "24",
                                    "unit": "meses",
                                    "type": "std"
                                },
                                {
                                    "row_parameter_name": "reconocimiento de antigüedad",
                                    "value": "",
                                    "type": "std"
                                },
                                {
                                    "row_parameter_name": "requisitos",
                                    "value": "",
                                    "type": "std"
                                },
                                {
                                    "row_parameter_name": "gastos cubiertos",
                                    "value": "",
                                    "type": "std"
                                },
                                {
                                    "row_parameter_name": "gastos no cubiertos",
                                    "value": "",
                                    "type": "std"
                                },
                                {
                                    "row_parameter_name": "aplicación de deducible y/o coaseguro",
                                    "value": "",
                                    "type": "std"
                                },
                                {
                                    "row_parameter_name": "condiciones generales",
                                    "value": "Para los demás términos y condiciones, aplicarán las Condiciones Generales vigentes del producto contratado. Este Endoso forma parte del Contrato de Seguro.",
                                    "type": "std"
                                },
                                {
                                    "row_parameter_name": "elegibilidad",
                                    "value": "",
                                    "type": "exception"
                                },
                                {
                                    "row_parameter_name": "territorio de cobertura",
                                    "value": "",
                                    "type": "exception"
                                }
                            ]
                        }
                    ]
                }
            ]
        },
        "legal": "Para los demás términos y condiciones, aplicarán las Condiciones Generales vigentes del producto contratado. Este Endoso forma parte del Contrato de Seguro."
    },
    "global_information": {
        "effective_date": "",
        "expiration_date": "",
        "factor": "",
        "type": ""
    },
    "business_rules": {
        "experience": "",
        "product_type": "",
        "min_net_premium": "",
        "min_population": ""
    },
    "status": "",
    "comment": [
        {
            "name": "",
            "date": "",
            "comment": ""
        }
    ]
}