{
    "endoso_id": "endoso_84",
    "endoso_master_id": "84",
    "contract_no": "FW33272F",
    "subgrupo": "UNICO",
    "type": "standard",
    "endoso_details": {
        "name": "URGENCIA MÉDICA EN EL EXTRANJERO (UMEX)",
        "key": "",
        "title": "",
        "subtitle": "",
        "description": "Por medio del presente documento se hace constar que: Siempre que el monto de la reclamación sea superior al Deducible contratado, se utilice Médico y Hospital en convenio a través de Pago Directo: Sobre el Deducible de Carátula se eliminará la cantidad de $2,500, y el 10% del Coaseguro contratado. En caso de no acudir con los Prestadores de Servicios Afiliados (Hospital y Médicos), pero el Hospital corresponde a la jerarquía del plan contratado, el Deducible, el Coaseguro, la tabla de Procedimientos Terapéuticos y todas las coberturas, se aplicarán de acuerdo a las cantidades establecidas en la carátula de la póliza, Condiciones Generales y Endosos específicos. Los demás términos y condiciones se mantienen sin cambio.",
        "parameters": {
            "column_parameters": [
                {
                    "column_parameter_name": "Urgencias Médicas",
                    "column_parameter_details": [
                        {
                            "sub_column_parameter_name": "",
                            "row_parameters": [
                                {
                                    "row_parameter_name": "suma asegurada",
                                    "value": "",
                                    "unit": "",
                                    "type": "std"
                                },
                                {
                                    "row_parameter_name": "deducible",
                                    "value": "2500",
                                    "unit": "USD",
                                    "type": "std"
                                },
                                {
                                    "row_parameter_name": "coaseguro",
                                    "value": "10",
                                    "unit": "%",
                                    "type": "std"
                                },
                                {
                                    "row_parameter_name": "información adicional",
                                    "value": "",
                                    "type": "std"
                                },
                                {
                                    "row_parameter_name": "gastos cubiertos",
                                    "value": "",
                                    "type": "std"
                                },
                                {
                                    "row_parameter_name": "gastos no cubiertos",
                                    "value": "",
                                    "type": "std"
                                },
                                {
                                    "row_parameter_name": "aplicación de deducible y/o coaseguro",
                                    "value": "true",
                                    "type": "std"
                                },
                                {
                                    "row_parameter_name": "condiciones generales",
                                    "value": "Para los demás términos y condiciones, aplicarán las Condiciones Generales vigentes del producto contratado. Este Endoso forma parte del Contrato de Seguro.",
                                    "type": "std"
                                },
                                {
                                    "row_parameter_name": "elegibilidad",
                                    "value": "",
                                    "type": "exception"
                                },
                                {
                                    "row_parameter_name": "periodo de espera",
                                    "value": "",
                                    "type": "exception"
                                },
                                {
                                    "row_parameter_name": "tope de coaseguro",
                                    "value": "",
                                    "type": "exception"
                                },
                                {
                                    "row_parameter_name": "territorio de cobertura",
                                    "value": "",
                                    "type": "exception"
                                }
                            ]
                        }
                    ]
                },
                {
                    "column_parameter_name": "Accidente",
                    "column_parameter_details": [
                        {
                            "sub_column_parameter_name": "",
                            "row_parameters": [
                                {
                                    "row_parameter_name": "suma asegurada",
                                    "value": "",
                                    "unit": "",
                                    "type": "std"
                                },
                                {
                                    "row_parameter_name": "deducible",
                                    "value": "",
                                    "unit": "",
                                    "type": "std"
                                },
                                {
                                    "row_parameter_name": "coaseguro",
                                    "value": "",
                                    "unit": "",
                                    "type": "std"
                                },
                                {
                                    "row_parameter_name": "información adicional",
                                    "value": "",
                                    "type": "std"
                                },
                                {
                                    "row_parameter_name": "gastos cubiertos",
                                    "value": "",
                                    "type": "std"
                                },
                                {
                                    "row_parameter_name": "gastos no cubiertos",
                                    "value": "",
                                    "type": "std"
                                },
                                {
                                    "row_parameter_name": "aplicación de deducible y/o coaseguro",
                                    "value": "",
                                    "type": "std"
                                },
                                {
                                    "row_parameter_name": "condiciones generales",
                                    "value": "Para los demás términos y condiciones, aplicarán las Condiciones Generales vigentes del producto contratado. Este Endoso forma parte del Contrato de Seguro.",
                                    "type": "std"
                                },
                                {
                                    "row_parameter_name": "elegibilidad",
                                    "value": "",
                                    "type": "exception"
                                },
                                {
                                    "row_parameter_name": "periodo de espera",
                                    "value": "",
                                    "type": "exception"
                                },
                                {
                                    "row_parameter_name": "tope de coaseguro",
                                    "value": "",
                                    "type": "exception"
                                },
                                {
                                    "row_parameter_name": "territorio de cobertura",
                                    "value": "",
                                    "type": "exception"
                                }
                            ]
                        }
                    ]
                }
            ]
        },
        "legal": "Para los demás términos y condiciones, aplicarán las Condiciones Generales vigentes del producto contratado. Este Endoso forma parte del Contrato de Seguro."
    },
    "global_information": {
        "effective_date": "",
        "expiration_date": "",
        "factor": "",
        "type": ""
    },
    "business_rules": {
        "experience": "",
        "product_type": "",
        "min_net_premium": "",
        "min_population": ""
    },
    "status": "",
    "comment": [
        {
            "name": "",
            "date": "",
            "comment": ""
        }
    ]
}