{
    "endoso_id": "endoso_82",
    "endoso_master_id": "82",
    "contract_no": "FW48842B",
    "subgrupo": "GENERAL",
    "type": "standard",
    "endoso_details": {
        "name": "PREEXISTENCIA",
        "key": "",
        "title": "",
        "subtitle": "",
        "description": "PREEXISTENCIA (APLICABLE PARA ASEGURADOS CON FECHA DE INGRESO ANTERIOR AL 01/01/2011) Por medio de este documento se hace constar que: Quedan cubiertas las enfermedades o accidentes preexistentes cubiertos por la presente póliza, aún y cuando: a) La sintomatología previa a dicha enfermedad no haya pasado desapercibida. b) Se hubiera establecido diagnóstico antes del alta del Asegurado en esta póliza. c) Existan gastos efectuados con anterioridad al inicio de la Cobertura. Sólo quedarán cubiertos los gastos realizados durante la vigencia de esta póliza. Este endoso modifica la exclusión estipulada en las Condiciones Generales del producto contratado, en el apartado V. Gastos Médicos Mayores No Cubiertos, inciso 1. Para que el presente endoso entre en vigor, El Asegurado deberá cumplir con un periodo de espera a partir de su inscripción en cualquiera de las pólizas del pool de Asesorías Asseg, de: Se elimina el periodo de espera Reconocimiento de Antigüedad: Aplica, siempre y cuando, en la(s) vigencia(s) anterior(es), cuente con la cobertura de preexistencia. Será cubierta: Dentro del territorio nacional y en el extranjero, siempre y cuando la póliza cuente con la cobertura en el extranjero Este endoso forma parte integral y complementa las Condiciones Generales del Seguro.",
        "parameters": {
            "column_parameters": [
                {
                    "column_parameter_name": "",
                    "column_parameter_details": [
                        {
                            "sub_column_parameter_name": "",
                            "row_parameters": [
                                {
                                    "row_parameter_name": "suma asegurada",
                                    "value": "",
                                    "unit": "",
                                    "type": "std"
                                },
                                {
                                    "row_parameter_name": "deducible",
                                    "value": "",
                                    "unit": "",
                                    "type": "std"
                                },
                                {
                                    "row_parameter_name": "coaseguro",
                                    "value": "",
                                    "unit": "",
                                    "type": "std"
                                },
                                {
                                    "row_parameter_name": "tope de coaseguro",
                                    "value": "",
                                    "unit": "",
                                    "type": "std"
                                },
                                {
                                    "row_parameter_name": "periodo espera",
                                    "value": "Se elimina el periodo de espera",
                                    "unit": "",
                                    "type": "std"
                                },
                                {
                                    "row_parameter_name": "reconocimiento de antigüedad",
                                    "value": "Aplica",
                                    "unit": "",
                                    "type": "std"
                                },
                                {
                                    "row_parameter_name": "requisitos",
                                    "value": "",
                                    "unit": "",
                                    "type": "std"
                                },
                                {
                                    "row_parameter_name": "gastos cubiertos",
                                    "value": "Quedan cubiertas las enfermedades o accidentes preexistentes cubiertos por la presente póliza",
                                    "unit": "",
                                    "type": "std"
                                },
                                {
                                    "row_parameter_name": "gastos no cubiertos",
                                    "value": "",
                                    "unit": "",
                                    "type": "std"
                                },
                                {
                                    "row_parameter_name": "aplicación de deducible y/o coaseguro",
                                    "value": "",
                                    "unit": "",
                                    "type": "std"
                                },
                                {
                                    "row_parameter_name": "condiciones generales",
                                    "value": "Este endoso forma parte integral y complementa las Condiciones Generales del Seguro.",
                                    "unit": "",
                                    "type": "std"
                                },
                                {
                                    "row_parameter_name": "elegibilidad",
                                    "value": "",
                                    "unit": "",
                                    "type": "exception"
                                },
                                {
                                    "row_parameter_name": "territorio de cobertura",
                                    "value": "Dentro del territorio nacional y en el extranjero",
                                    "unit": "",
                                    "type": "exception"
                                }
                            ]
                        }
                    ]
                }
            ]
        },
        "legal": "Este endoso forma parte integral y complementa las Condiciones Generales del Seguro."
    },
    "global_information": {
        "effective_date": "",
        "expiration_date": "",
        "factor": "",
        "type": ""
    },
    "business_rules": {
        "experience": "",
        "product_type": "",
        "min_net_premium": "",
        "min_population": ""
    },
    "status": "",
    "comment": [
        {
            "name": "",
            "date": "",
            "comment": ""
        }
    ]
}