{
    "endoso_id": "endoso_155",
    "endoso_master_id": "155",
    "contract_no": "FW52428A",
    "subgrupo": "VICEPRESIDENTES",
    "type": "standard",
    "endoso_details": {
        "name": "Factor",
        "key": "",
        "title": "",
        "subtitle": "",
        "description": "El Factor de Reembolso de cada Procedimiento Terapéutico incluido en las Condiciones Generales correspondientes a esta póliza esta expresado de manera porcentual, por lo que para cualquier efecto dicho factor deberá dividirse entre 100.",
        "parameters": {
            "column_parameters": "",
            "row_parameters": [
                {
                    "row_parameter_name": "Descripcion",
                    "editable": true,
                    "active": true,
                    "type": "std",
                    "value_type": "text",
                    "value": "El Factor de Reembolso de cada Procedimiento Terapéutico incluido en las Condiciones Generales correspondientes a esta póliza esta expresado de manera porcentual, por lo que para cualquier efecto dicho factor deberá dividirse entre 100."
                },
                {
                    "row_parameter_name": "Factor",
                    "editable": true,
                    "active": true,
                    "type": "std",
                    "value_type": "digits",
                    "value": "100"
                },
                {
                    "row_parameter_name": "Condiciones Generales",
                    "editable": true,
                    "active": true,
                    "type": "std",
                    "value_type": "string",
                    "value": "Para los demás términos y condiciones, aplicarán las Condiciones Generales vigentes del producto contratado. Este Endoso forma parte del Contrato de Seguro"
                }
            ]
        },
        "legal": ""
    },
    "global_information": {
        "effective_date": "",
        "expiration_date": "",
        "factor": "",
        "type": ""
    },
    "business_rules": {
        "experience": "",
        "product_type": "",
        "min_net_premium": "",
        "min_population": ""
    },
    "status": "",
    "comment": [
        {
            "name": "",
            "date": "",
            "comment": ""
        }
    ]
}