{
    "endoso_id": "endoso_150",
    "endoso_master_id": "150",
    "contract_no": "FW75579C",
    "subgrupo": "AGUASCALIENTES",
    "type": "standard",
    "endoso_details": {
        "name": "Tabulador",
        "key": "TABULADOR",
        "title": "",
        "subtitle": "",
        "description": "Para efectos de esta póliza, el tabulador para reembolso contratado es: CAOBA. Este endoso aplica para honorarios quirúrgicos y no quirúrgicos. Para los demás términos y condiciones, aplicarán las Condiciones Generales vigentes del producto contratado. Este Endoso forma parte del Contrato de Seguro.",
        "parameters": {
            "column_parameters": "",
            "row_parameters": [
                {
                    "row_parameter_name": "El tabulador para reembolso contratado es",
                    "editable": true,
                    "active": true,
                    "type": "std",
                    "value_type": "string",
                    "value": "CAOBA"
                },
                {
                    "row_parameter_name": "Condiciones Generales",
                    "editable": true,
                    "active": true,
                    "type": "std",
                    "value_type": "string",
                    "value": "Para los demás términos y condiciones, aplicarán las Condiciones Generales vigentes del producto contratado. Este Endoso forma parte del Contrato de Seguro."
                }
            ],
            "legal": ""
        }
    },
    "global_information": {
        "effective_date": "",
        "expiration_date": "",
        "factor": "",
        "type": ""
    },
    "business_rules": {
        "experience": "",
        "product_type": "",
        "min_net_premium": "",
        "min_population": ""
    },
    "status": "",
    "comment": [
        {
            "name": "",
            "date": "",
            "comment": ""
        }
    ]
}