{
    "endoso_id": "endoso_84",
    "endoso_master_id": "84",
    "contract_no": "FW48633B",
    "subgrupo": "GENERAL",
    "type": "standard",
    "endoso_details": {
        "name": "URGENCIA MÉDICA EN EL EXTRANJERO (UMEX)",
        "key": "",
        "title": "",
        "subtitle": "",
        "description": "Es la aparición repentina de una alteración de la salud del Asegurado, la cual se manifiesta a través de síntomas agudos de tal severidad, que ponen en peligro la vida del enfermo o accidentado, su integridad corporal o la viabilidad de alguno de sus órganos. Se cubre la Urgencia Médica en el Extranjero hasta un monto máximo de 50,000 USD Con un deducible de: 50 USD Para esta cobertura y/o beneficio solo aplica el sistema de Pago por Reembolso. Para el pago de la reclamación, AXA siempre aplicará el Gasto Usual y Acostumbrado del país donde se atienda la urgencia médica. Los demás términos y condiciones, deben operar conforme se señala en las Condiciones Generales del producto contratado para esta cobertura. Este endoso forma parte integral y complementa las Condiciones Generales del Seguro.",
        "parameters": {
            "column_parameters": [
                {
                    "column_parameter_name": "Urgencias Médicas",
                    "column_parameter_details": [
                        {
                            "sub_column_parameter_name": "",
                            "row_parameters": [
                                {
                                    "row_parameter_name": "suma asegurada",
                                    "value": "50,000",
                                    "unit": "USD",
                                    "type": "std"
                                },
                                {
                                    "row_parameter_name": "deducible",
                                    "value": "50",
                                    "unit": "USD",
                                    "type": "std"
                                },
                                {
                                    "row_parameter_name": "coaseguro",
                                    "value": "",
                                    "type": "std"
                                },
                                {
                                    "row_parameter_name": "información adicional",
                                    "value": "Para esta cobertura y/o beneficio solo aplica el sistema de Pago por Reembolso.",
                                    "type": "std"
                                },
                                {
                                    "row_parameter_name": "gastos cubiertos",
                                    "value": "AXA siempre aplicará el Gasto Usual y Acostumbrado del país donde se atienda la urgencia médica.",
                                    "type": "std"
                                },
                                {
                                    "row_parameter_name": "gastos no cubiertos",
                                    "value": "",
                                    "type": "std"
                                },
                                {
                                    "row_parameter_name": "aplicación de deducible y/o coaseguro",
                                    "value": "N",
                                    "type": "std"
                                },
                                {
                                    "row_parameter_name": "condiciones generales",
                                    "value": "Los demás términos y condiciones, deben operar conforme se señala en las Condiciones Generales del producto contratado para esta cobertura. Este endoso forma parte integral y complementa las Condiciones Generales del Seguro.",
                                    "type": "std"
                                },
                                {
                                    "row_parameter_name": "elegibilidad",
                                    "value": "",
                                    "type": "exception"
                                },
                                {
                                    "row_parameter_name": "periodo de espera",
                                    "value": "",
                                    "type": "exception"
                                },
                                {
                                    "row_parameter_name": "tope de coaseguro",
                                    "value": "",
                                    "type": "exception"
                                },
                                {
                                    "row_parameter_name": "territorio de cobertura",
                                    "value": "extranjero",
                                    "type": "exception"
                                }
                            ]
                        }
                    ]
                },
                {
                    "column_parameter_name": "Accidente",
                    "column_parameter_details": [
                        {
                            "sub_column_parameter_name": "",
                            "row_parameters": [
                                {
                                    "row_parameter_name": "suma asegurada",
                                    "value": "",
                                    "type": "std"
                                },
                                {
                                    "row_parameter_name": "deducible",
                                    "value": "",
                                    "type": "std"
                                },
                                {
                                    "row_parameter_name": "coaseguro",
                                    "value": "",
                                    "type": "std"
                                },
                                {
                                    "row_parameter_name": "información adicional",
                                    "value": "",
                                    "type": "std"
                                },
                                {
                                    "row_parameter_name": "gastos cubiertos",
                                    "value": "",
                                    "type": "std"
                                },
                                {
                                    "row_parameter_name": "gastos no cubiertos",
                                    "value": "",
                                    "type": "std"
                                },
                                {
                                    "row_parameter_name": "aplicación de deducible y/o coaseguro",
                                    "value": "",
                                    "type": "std"
                                },
                                {
                                    "row_parameter_name": "condiciones generales",
                                    "value": "Los demás términos y condiciones, deben operar conforme se señala en las Condiciones Generales del producto contratado para esta cobertura. Este endoso forma parte integral y complementa las Condiciones Generales del Seguro.",
                                    "type": "std"
                                },
                                {
                                    "row_parameter_name": "elegibilidad",
                                    "value": "",
                                    "type": "exception"
                                },
                                {
                                    "row_parameter_name": "periodo de espera",
                                    "value": "",
                                    "type": "exception"
                                },
                                {
                                    "row_parameter_name": "tope de coaseguro",
                                    "value": "",
                                    "type": "exception"
                                },
                                {
                                    "row_parameter_name": "territorio de cobertura",
                                    "value": "",
                                    "type": "exception"
                                }
                            ]
                        }
                    ]
                }
            ]
        },
        "legal": "Los demás términos y condiciones, deben operar conforme se señala en las Condiciones Generales del producto contratado para esta cobertura. Este endoso forma parte integral y complementa las Condiciones Generales del Seguro."
    },
    "global_information": {
        "effective_date": "",
        "expiration_date": "",
        "factor": "",
        "type": ""
    },
    "business_rules": {
        "experience": "",
        "product_type": "",
        "min_net_premium": "",
        "min_population": ""
    },
    "status": "",
    "comment": [
        {
            "name": "",
            "date": "",
            "comment": ""
        }
    ]
}