{
    "endoso_id": "endoso_82",
    "endoso_master_id": "82",
    "contract_no": "FW22444L",
    "subgrupo": "FUNCIONARIOS",
    "type": "standard",
    "endoso_details": {
        "name": "PREEXISTENCIA",
        "key": "",
        "title": "",
        "subtitle": "",
        "description": "Quedan cubiertas las enfermedades o accidentes preexistentes cubiertos por la presente p¢liza, a£n y cuando:  a) La sintomatolog¡a previa a dicha enfermedad no haya pasado desapercibida. b) Se hubiera establecido diagn¢stico antes del alta del Asegurado en esta p¢liza. c) Existan  gastos efectuados con anterioridad al inicio de la Cobertura. S¢lo quedaran cubiertos los gastos realizados durante la vigencia de esta p¢liza. Este endoso modifica la exclusi¢n estipulada en las Condiciones Generales del producto contratado, en el apartado V. Gastos M¿dicos Mayores No Cubiertos, inciso 1. El Asegurado deber  cumplir con un periodo de espera, a partir de su inscripci¢n en la p¢liza, de: Sin periodo de espera AXA Seguros, S.A. de C.V.: Reconocer  el tiempo que el Asegurado haya tenido esta cobertura en esta compa¤¡a u otra(s) compa¤¡a(s) de seguros; siempre y cuando no exista un periodo al descubierto mayor a 30 d¡as. Esta cobertura aplicar  de acuerdo a lo arriba se¤alado. Se cubre £nicamente en territorio nacional. Los dem s t¿rminos y condiciones, deben operar conforme se se¤ala en las Condiciones Generales del producto contratado.   Este endoso forma parte integral y complementa las Condiciones Generales del Seguro.",
        "parameters": {
            "column_parameters": "",
            "row_parameters": [
                {
                    "row_parameter_name": "suma asegurada",
                    "editable": true,
                    "active": true,
                    "type": "std",
                    "value_type": "digits/currency (pesos, UMAM)/ de la poliza",
                    "value": ""
                },
                {
                    "row_parameter_name": "deducible",
                    "editable": true,
                    "active": true,
                    "type": "std",
                    "value_type": "digits / de la poliza",
                    "value": ""
                },
                {
                    "row_parameter_name": "coaseguro",
                    "editable": true,
                    "active": true,
                    "type": "std",
                    "value_type": "digits",
                    "value": ""
                },
                {
                    "row_parameter_name": "tope de coaseguro",
                    "editable": true,
                    "active": true,
                    "type": "std",
                    "value_type": "digits / sin tope",
                    "value": ""
                },
                {
                    "row_parameter_name": "periodo espera",
                    "editable": true,
                    "active": true,
                    "type": "std",
                    "value_type": "digits",
                    "value": "Sin periodo de espera"
                },
                {
                    "row_parameter_name": "reconocimiento de antigüedad",
                    "editable": true,
                    "active": true,
                    "type": "std",
                    "value_type": "aplica/no aplica",
                    "value": "aplica"
                },
                {
                    "row_parameter_name": "requisitos",
                    "editable": true,
                    "active": true,
                    "type": "std",
                    "value_type": "text",
                    "value": ""
                },
                {
                    "row_parameter_name": "gastos cubiertos",
                    "editable": true,
                    "active": true,
                    "type": "std",
                    "value_type": "text",
                    "value": "Quedan cubiertas las enfermedades o accidentes preexistentes cubiertos por la presente póliza."
                },
                {
                    "row_parameter_name": "gastos no cubiertos",
                    "editable": true,
                    "active": true,
                    "type": "std",
                    "value_type": "text",
                    "value": ""
                },
                {
                    "row_parameter_name": "aplicación de deducible y/o coaseguro",
                    "editable": true,
                    "active": true,
                    "type": "std",
                    "value_type": "Y/N",
                    "value": ""
                },
                {
                    "row_parameter_name": "condiciones generales",
                    "editable": true,
                    "active": true,
                    "type": "std",
                    "value_type": "string",
                    "value": "Los demás términos y condiciones, deben operar conforme se señala en las Condiciones Generales del producto contratado. Este endoso forma parte integral y complementa las Condiciones Generales del Seguro."
                },
                {
                    "row_parameter_name": "elegibilidad",
                    "editable": true,
                    "active": true,
                    "type": "exception",
                    "value_type": "titular / conyuge / hijos",
                    "value": ""
                },
                {
                    "row_parameter_name": "territorio de cobertura",
                    "editable": true,
                    "active": true,
                    "type": "exception",
                    "value_type": "nacional / extranjero / inetrnacional",
                    "value": "nacional"
                }
            ],
            "legal": "Los demás términos y condiciones, deben operar conforme se señala en las Condiciones Generales del producto contratado. Este endoso forma parte integral y complementa las Condiciones Generales del Seguro."
        }
    },
    "global_information": {
        "effective_date": "",
        "expiration_date": "",
        "factor": "",
        "type": ""
    },
    "business_rules": {
        "experience": "",
        "product_type": "",
        "min_net_premium": "",
        "min_population": ""
    },
    "status": "",
    "comment": [
        {
            "name": "",
            "date": "",
            "comment": ""
        }
    ]
}