{
    "endoso_id": "endoso_82",
    "endoso_master_id": "82",
    "contract_no": "FW16403Y",
    "subgrupo": "EJECUTIVOS",
    "type": "standard",
    "endoso_details": {
        "name": "PREEXISTENCIA",
        "key": "",
        "title": "",
        "subtitle": "",
        "description": "La Companía cubrirá los gastos médicos erogados por el Asegurado, durante la vigencia de esta Póliza, por tratamientos y/o procedimientos derivados de Padecimientos Preexistentes a partir de la fecha de antigüedad reconocida en esta póliza por el contratante siempre y cuando no hayan sido cubiertos ni pagados en una póliza de Gastos Médicos Mayores del mismo Contratante o empresas del mismo grupo, emitida por esta u otra institución de seguros, y el Asegurado no tenga periodos al descubierto, hasta los límites de responsabilidad que se establecen en este Endoso. Periodo de espera: No aplica Se cubre en territorio: Nacional Para los demás términos y condiciones, aplicarán las Condiciones Generales vigentes del producto contratado. Este Endoso forma parte del Contrato de Seguro.",
        "parameters": {
            "column_parameters": [],
            "row_parameters": [
                {
                    "row_parameter_name": "suma asegurada",
                    "value": "",
                    "unit": "",
                    "type": "std"
                },
                {
                    "row_parameter_name": "deducible",
                    "value": "",
                    "unit": "",
                    "type": "std"
                },
                {
                    "row_parameter_name": "coaseguro",
                    "value": "",
                    "unit": "",
                    "type": "std"
                },
                {
                    "row_parameter_name": "tope de coaseguro",
                    "value": "",
                    "unit": "",
                    "type": "std"
                },
                {
                    "row_parameter_name": "periodo espera",
                    "value": "No aplica",
                    "unit": "",
                    "type": "std"
                },
                {
                    "row_parameter_name": "reconocimiento de antigüedad",
                    "value": "",
                    "unit": "",
                    "type": "std"
                },
                {
                    "row_parameter_name": "requisitos",
                    "value": "",
                    "unit": "",
                    "type": "std"
                },
                {
                    "row_parameter_name": "gastos cubiertos",
                    "value": "",
                    "unit": "",
                    "type": "std"
                },
                {
                    "row_parameter_name": "gastos no cubiertos",
                    "value": "",
                    "unit": "",
                    "type": "std"
                },
                {
                    "row_parameter_name": "aplicación de deducible y/o coaseguro",
                    "value": "",
                    "unit": "",
                    "type": "std"
                },
                {
                    "row_parameter_name": "condiciones generales",
                    "value": "Para los demás términos y condiciones, aplicarán las Condiciones Generales vigentes del producto contratado. Este Endoso forma parte del Contrato de Seguro.",
                    "unit": "",
                    "type": "std"
                },
                {
                    "row_parameter_name": "elegibilidad",
                    "value": "",
                    "unit": "",
                    "type": "exception"
                },
                {
                    "row_parameter_name": "territorio de cobertura",
                    "value": "Nacional",
                    "unit": "",
                    "type": "exception"
                }
            ]
        },
        "legal": "Para los demás términos y condiciones, aplicarán las Condiciones Generales vigentes del producto contratado. Este Endoso forma parte del Contrato de Seguro."
    },
    "global_information": {
        "effective_date": "",
        "expiration_date": "",
        "factor": "",
        "type": ""
    },
    "business_rules": {
        "experience": "",
        "product_type": "",
        "min_net_premium": "",
        "min_population": ""
    },
    "status": "",
    "comment": [
        {
            "name": "",
            "date": "",
            "comment": ""
        }
    ]
}