{
    "endoso_id": "endoso_127",
    "endoso_master_id": "127",
    "contract_no": "FW30128H",
    "subgrupo": "II   PLAN B",
    "type": "standard",
    "endoso_details": {
        "name": "CONTINUIDAD GARANTIZADA",
        "key": "",
        "title": "",
        "subtitle": "",
        "description": "No se considerarán enfermedades preexistentes aquellas cuyo inicio u origen se haya dado durante el período en que éste contrato estuvo asegurado en la (s) compañía (s) anterior (es), y  que no se  haya generado siniestro en la misma por no rebasar el deducible, o no haberse atendido. Es decir, en caso de que dicho siniestro hubiese sido cubierto por la misma será cubierto  por Axa Seguros, S.A. de C.V., siempre y cuando el asegurado haya estado vigente de manera ininterrumpida. Los  demás términos  y  condiciones, deben operar conforme se señala en las Condiciones Generales del producto contratado. Este endoso  forma  parte  integral y complementa las Condiciones Generales del Seguro.",
        "parameters": {
            "column_parameters": "",
            "row_parameters": [
                {
                    "row_parameter_name": "Descripcion",
                    "editable": true,
                    "active": true,
                    "type": "std",
                    "value_type": "Titular/conyuge/hijos"
                },
                {
                    "row_parameter_name": "Condiciones Generales",
                    "editable": true,
                    "active": true,
                    "type": "std",
                    "value_type": "string",
                    "value": "Los  demás términos  y  condiciones, deben operar conforme se señala en las Condiciones Generales del producto contratado. Este endoso  forma  parte  integral y complementa las Condiciones Generales del Seguro."
                }
            ],
            "legal": ""
        }
    },
    "global_information": {
        "effective_date": "",
        "expiration_date": "",
        "factor": "",
        "type": ""
    },
    "business_rules": {
        "experience": "",
        "product_type": "",
        "min_net_premium": "",
        "min_population": ""
    },
    "status": "",
    "comment": [
        {
            "name": "",
            "date": "",
            "comment": ""
        }
    ]
}