{
    "endoso_id": "endoso_38",
    "endoso_master_id": "38",
    "contract_no": "FW53553A",
    "subgrupo": "EMPLEADOS",
    "type": "standard",
    "endoso_details": {
        "name": "HALLUX VALGUS",
        "key": "",
        "title": "",
        "subtitle": "",
        "description": "Se ampara el tratamiento médico quirúrgico de halluxvalgus o juanetes siempre y cuando no sea de carácter estético. Quedará cubierto de la siguiente manera: Suma asegurada: la contratada en la carátula de la póliza Aplica deducible y coaseguro de la póliza Aplica periodo de espera de un año Se reconoce antigüedad En territorio: nacional Este endoso forma parte integral y complementa las condiciones generales del seguro.",
        "parameters": {
            "column_parameters": [
                {
                    "column_parameter_name": "Pago directo",
                    "column_parameter_details": [
                        {
                            "sub_column_parameter_name": "",
                            "row_parameters": [
                                {
                                    "row_parameter_name": "suma asegurada",
                                    "value": "la contratada en la carátula de la póliza",
                                    "unit": "",
                                    "type": "std"
                                },
                                {
                                    "row_parameter_name": "deducible",
                                    "value": "Aplica deducible de la póliza",
                                    "unit": "",
                                    "type": "std"
                                },
                                {
                                    "row_parameter_name": "coaseguro",
                                    "value": "Aplica coaseguro de la póliza",
                                    "unit": "",
                                    "type": "std"
                                },
                                {
                                    "row_parameter_name": "tope de coaseguro",
                                    "value": "",
                                    "unit": "",
                                    "type": "std"
                                },
                                {
                                    "row_parameter_name": "territorio de cobertura",
                                    "value": "nacional",
                                    "unit": "",
                                    "type": "std"
                                },
                                {
                                    "row_parameter_name": "periodo espera",
                                    "value": "1",
                                    "unit": "año",
                                    "type": "std"
                                },
                                {
                                    "row_parameter_name": "gastos cubiertos",
                                    "value": "",
                                    "unit": "",
                                    "type": "std"
                                },
                                {
                                    "row_parameter_name": "gastos no cubiertos",
                                    "value": "",
                                    "unit": "",
                                    "type": "std"
                                },
                                {
                                    "row_parameter_name": "aplicación de deducible y/o coaseguro",
                                    "value": "Y",
                                    "type": "std"
                                },
                                {
                                    "row_parameter_name": "condiciones generales",
                                    "value": "Este endoso forma parte integral y complementa las condiciones generales del seguro.",
                                    "type": "std"
                                },
                                {
                                    "row_parameter_name": "consulta postoperatoria",
                                    "value": "",
                                    "type": "exception"
                                },
                                {
                                    "row_parameter_name": "consulta preoperatoria",
                                    "value": "",
                                    "type": "exception"
                                }
                            ]
                        }
                    ]
                },
                {
                    "column_parameter_name": "Reembolso",
                    "column_parameter_details": [
                        {
                            "sub_column_parameter_name": "",
                            "row_parameters": [
                                {
                                    "row_parameter_name": "suma asegurada",
                                    "value": "la contratada en la carátula de la póliza",
                                    "unit": "",
                                    "type": "std"
                                },
                                {
                                    "row_parameter_name": "deducible",
                                    "value": "Aplica deducible de la póliza",
                                    "unit": "",
                                    "type": "std"
                                },
                                {
                                    "row_parameter_name": "coaseguro",
                                    "value": "Aplica coaseguro de la póliza",
                                    "unit": "",
                                    "type": "std"
                                },
                                {
                                    "row_parameter_name": "tope de coaseguro",
                                    "value": "",
                                    "unit": "",
                                    "type": "std"
                                },
                                {
                                    "row_parameter_name": "territorio de cobertura",
                                    "value": "nacional",
                                    "unit": "",
                                    "type": "std"
                                },
                                {
                                    "row_parameter_name": "periodo espera",
                                    "value": "1",
                                    "unit": "año",
                                    "type": "std"
                                },
                                {
                                    "row_parameter_name": "gastos cubiertos",
                                    "value": "",
                                    "unit": "",
                                    "type": "std"
                                },
                                {
                                    "row_parameter_name": "gastos no cubiertos",
                                    "value": "",
                                    "unit": "",
                                    "type": "std"
                                },
                                {
                                    "row_parameter_name": "aplicación de deducible y/o coaseguro",
                                    "value": "Y",
                                    "type": "std"
                                },
                                {
                                    "row_parameter_name": "condiciones generales",
                                    "value": "Este endoso forma parte integral y complementa las condiciones generales del seguro.",
                                    "type": "std"
                                },
                                {
                                    "row_parameter_name": "consulta postoperatoria",
                                    "value": "",
                                    "type": "exception"
                                },
                                {
                                    "row_parameter_name": "consulta preoperatoria",
                                    "value": "",
                                    "type": "exception"
                                }
                            ]
                        }
                    ]
                }
            ]
        },
        "legal": "Este endoso forma parte integral y complementa las condiciones generales del seguro."
    },
    "global_information": {
        "effective_date": "",
        "expiration_date": "",
        "factor": "",
        "type": ""
    },
    "business_rules": {
        "experience": "",
        "product_type": "",
        "min_net_premium": "",
        "min_population": ""
    },
    "status": "",
    "comment": [
        {
            "name": "",
            "date": "",
            "comment": ""
        }
    ]
}