{
    "endoso_id": "endoso_82",
    "endoso_master_id": "82",
    "contract_no": "FW71026D",
    "subgrupo": "SUPERIOR",
    "type": "standard",
    "endoso_details": {
        "name": "PREEXISTENCIA",
        "key": "",
        "title": "",
        "subtitle": "",
        "description": "Este Endo La Compañía cubrirá los gastos médicos erogados durante la vigencia de esta Póliza, por tratamientos y/o procedimientos derivados de Padecimiento Preexistentes anteriores a la fecha de antigüedad reconocida por el contratante, en esta Póliza. Hasta los límites de responsabilidad que se establecen en este Endoso. Periodo de espera: 24 meses Se cubre en territorio: Nacional Para los demás términos y condiciones, aplicarán las Condiciones Generales vigentes del producto contratado. Este Endoso forma parte del Contrato de Seguro",
        "parameters": {
            "column_parameters": "",
            "row_parameters": [
                {
                    "row_parameter_name": "suma asegurada",
                    "value": "",
                    "unit": "",
                    "type": "std"
                },
                {
                    "row_parameter_name": "deducible",
                    "value": "",
                    "unit": "",
                    "type": "std"
                },
                {
                    "row_parameter_name": "coaseguro",
                    "value": "",
                    "unit": "",
                    "type": "std"
                },
                {
                    "row_parameter_name": "tope de coaseguro",
                    "value": "",
                    "unit": "",
                    "type": "std"
                },
                {
                    "row_parameter_name": "periodo espera",
                    "value": "24",
                    "unit": "meses",
                    "type": "std"
                },
                {
                    "row_parameter_name": "reconocimiento de antigüedad",
                    "value": "",
                    "type": "std"
                },
                {
                    "row_parameter_name": "requisitos",
                    "value": "",
                    "type": "std"
                },
                {
                    "row_parameter_name": "gastos cubiertos",
                    "value": "",
                    "type": "std"
                },
                {
                    "row_parameter_name": "gastos no cubiertos",
                    "value": "",
                    "type": "std"
                },
                {
                    "row_parameter_name": "aplicación de deducible y/o coaseguro",
                    "value": "",
                    "type": "std"
                },
                {
                    "row_parameter_name": "condiciones generales",
                    "value": "Para los demás términos y condiciones, aplicarán las Condiciones Generales vigentes del producto contratado. Este Endoso forma parte del Contrato de Seguro",
                    "type": "std"
                },
                {
                    "row_parameter_name": "elegibilidad",
                    "value": "",
                    "type": "exception"
                },
                {
                    "row_parameter_name": "territorio de cobertura",
                    "value": "Nacional",
                    "type": "exception"
                }
            ]
        },
        "legal": "Para los demás términos y condiciones, aplicarán las Condiciones Generales vigentes del producto contratado. Este Endoso forma parte del Contrato de Seguro"
    },
    "global_information": {
        "effective_date": "",
        "expiration_date": "",
        "factor": "",
        "type": ""
    },
    "business_rules": {
        "experience": "",
        "product_type": "",
        "min_net_premium": "",
        "min_population": ""
    },
    "status": "",
    "comment": [
        {
            "name": "",
            "date": "",
            "comment": ""
        }
    ]
}