{
    "endoso_id": "endoso_84",
    "endoso_master_id": "84",
    "contract_no": "FW49973D",
    "subgrupo": "GENERAL",
    "type": "standard",
    "endoso_details": {
        "name": "URGENCIA MÉDICA EN EL EXTRANJERO (UMEX)",
        "key": "",
        "title": "",
        "subtitle": "",
        "description": "En caso que el Contratante renueve con AXA, el pago de dividendos se realizará al final de la vigencia y, los siniestros ocurridos no reportados, se consideraran en el cálculo  de la siguiente vigencia. La Compañía no otorgará dividendos cuando la(s) Póliza(s) se  cancele(n) por falta de pago o  termine(n) su vigencia  de forma anticipada por parte del Contratante. Para los demás términos y condiciones, aplicarán las Condiciones Generales vigentes del producto contratado. Este Endoso forma parte del Contrato de Seguro.",
        "parameters": {
            "column_parameters": [
                {
                    "column_parameter_name": "Urgencias Médicas",
                    "column_parameter_details": [
                        {
                            "sub_column_parameter_name": "",
                            "row_parameters": [
                                {
                                    "row_parameter_name": "suma asegurada",
                                    "value": "",
                                    "unit": "",
                                    "type": "std"
                                },
                                {
                                    "row_parameter_name": "deducible",
                                    "value": "",
                                    "unit": "",
                                    "type": "std"
                                },
                                {
                                    "row_parameter_name": "coaseguro",
                                    "value": "",
                                    "unit": "",
                                    "type": "std"
                                },
                                {
                                    "row_parameter_name": "información adicional",
                                    "value": "",
                                    "type": "std"
                                },
                                {
                                    "row_parameter_name": "gastos cubiertos",
                                    "value": "",
                                    "type": "std"
                                },
                                {
                                    "row_parameter_name": "gastos no cubiertos",
                                    "value": "",
                                    "type": "std"
                                },
                                {
                                    "row_parameter_name": "aplicación de deducible y/o coaseguro",
                                    "value": "",
                                    "type": "std"
                                },
                                {
                                    "row_parameter_name": "condiciones generales",
                                    "value": "Para los demás términos y condiciones, aplicarán las Condiciones Generales vigentes del producto contratado. Este Endoso forma parte del Contrato de Seguro.",
                                    "type": "std"
                                },
                                {
                                    "row_parameter_name": "elegibilidad",
                                    "value": "",
                                    "type": "exception"
                                },
                                {
                                    "row_parameter_name": "periodo de espera",
                                    "value": "",
                                    "type": "exception"
                                },
                                {
                                    "row_parameter_name": "tope de coaseguro",
                                    "value": "",
                                    "type": "exception"
                                },
                                {
                                    "row_parameter_name": "territorio de cobertura",
                                    "value": "",
                                    "type": "exception"
                                }
                            ]
                        }
                    ]
                },
                {
                    "column_parameter_name": "Accidente",
                    "column_parameter_details": [
                        {
                            "sub_column_parameter_name": "",
                            "row_parameters": [
                                {
                                    "row_parameter_name": "suma asegurada",
                                    "value": "",
                                    "unit": "",
                                    "type": "std"
                                },
                                {
                                    "row_parameter_name": "deducible",
                                    "value": "",
                                    "unit": "",
                                    "type": "std"
                                },
                                {
                                    "row_parameter_name": "coaseguro",
                                    "value": "",
                                    "unit": "",
                                    "type": "std"
                                },
                                {
                                    "row_parameter_name": "información adicional",
                                    "value": "",
                                    "type": "std"
                                },
                                {
                                    "row_parameter_name": "gastos cubiertos",
                                    "value": "",
                                    "type": "std"
                                },
                                {
                                    "row_parameter_name": "gastos no cubiertos",
                                    "value": "",
                                    "type": "std"
                                },
                                {
                                    "row_parameter_name": "aplicación de deducible y/o coaseguro",
                                    "value": "",
                                    "type": "std"
                                },
                                {
                                    "row_parameter_name": "condiciones generales",
                                    "value": "Para los demás términos y condiciones, aplicarán las Condiciones Generales vigentes del producto contratado. Este Endoso forma parte del Contrato de Seguro.",
                                    "type": "std"
                                },
                                {
                                    "row_parameter_name": "elegibilidad",
                                    "value": "",
                                    "type": "exception"
                                },
                                {
                                    "row_parameter_name": "periodo de espera",
                                    "value": "",
                                    "type": "exception"
                                },
                                {
                                    "row_parameter_name": "tope de coaseguro",
                                    "value": "",
                                    "type": "exception"
                                },
                                {
                                    "row_parameter_name": "territorio de cobertura",
                                    "value": "",
                                    "type": "exception"
                                }
                            ]
                        }
                    ]
                }
            ]
        },
        "legal": "Para los demás términos y condiciones, aplicarán las Condiciones Generales vigentes del producto contratado. Este Endoso forma parte del Contrato de Seguro."
    },
    "global_information": {
        "effective_date": "",
        "expiration_date": "",
        "factor": "",
        "type": ""
    },
    "business_rules": {
        "experience": "",
        "product_type": "",
        "min_net_premium": "",
        "min_population": ""
    },
    "status": "",
    "comment": [
        {
            "name": "",
            "date": "",
            "comment": ""
        }
    ]
}