{
    "endoso_id": "endoso_82",
    "endoso_master_id": "82",
    "contract_no": "FW38558K",
    "subgrupo": "SUBGRUPO 4",
    "type": "standard",
    "endoso_details": {
        "name": "PREEXISTENCIA",
        "key": "",
        "title": "",
        "subtitle": "",
        "description": "La Compañía cubrirá los gastos médicos erogados durante la vigencia de esta Póliza, por tratamientos y/o procedimientos derivados de Padecimiento Preexistentes anteriores a la fecha de antigüedad reconocida por el contratante, en esta Póliza. Hasta los límites de responsabilidad que se establecen en este Endoso. Periodo de espera: 12 meses Se cubre en territorio: Nacional Para los demás términos y condiciones, aplicarán las Condiciones Generales vigentes del producto contratado. Este Endoso forma parte del Contrato de Seguro.",
        "parameters": {
            "column_parameters": "",
            "row_parameters": [
                {
                    "row_parameter_name": "suma asegurada",
                    "editable": true,
                    "active": true,
                    "type": "std",
                    "value_type": "digits/currency (pesos, UMAM)/ de la poliza",
                    "value": ""
                },
                {
                    "row_parameter_name": "deducible",
                    "editable": true,
                    "active": true,
                    "type": "std",
                    "value_type": "digits / de la poliza",
                    "value": ""
                },
                {
                    "row_parameter_name": "coaseguro",
                    "editable": true,
                    "active": true,
                    "type": "std",
                    "value_type": "digits",
                    "value": ""
                },
                {
                    "row_parameter_name": "tope de coaseguro",
                    "editable": true,
                    "active": true,
                    "type": "std",
                    "value_type": "digits / sin tope",
                    "value": ""
                },
                {
                    "row_parameter_name": "periodo espera",
                    "editable": true,
                    "active": true,
                    "type": "std",
                    "value_type": "digits",
                    "value": "12"
                },
                {
                    "row_parameter_name": "reconocimiento de antigüedad",
                    "editable": true,
                    "active": true,
                    "type": "std",
                    "value_type": "aplica/no aplica",
                    "value": ""
                },
                {
                    "row_parameter_name": "requisitos",
                    "editable": true,
                    "active": true,
                    "type": "std",
                    "value_type": "text",
                    "value": ""
                },
                {
                    "row_parameter_name": "gastos cubiertos",
                    "editable": true,
                    "active": true,
                    "type": "std",
                    "value_type": "text",
                    "value": ""
                },
                {
                    "row_parameter_name": "gastos no cubiertos",
                    "editable": true,
                    "active": true,
                    "type": "std",
                    "value_type": "text",
                    "value": ""
                },
                {
                    "row_parameter_name": "aplicación de deducible y/o coaseguro",
                    "editable": true,
                    "active": true,
                    "type": "std",
                    "value_type": "Y/N",
                    "value": ""
                },
                {
                    "row_parameter_name": "condiciones generales",
                    "editable": true,
                    "active": true,
                    "type": "std",
                    "value_type": "string",
                    "value": "Para los demás términos y condiciones, aplicarán las Condiciones Generales vigentes del producto contratado. Este Endoso forma parte del Contrato de Seguro."
                },
                {
                    "row_parameter_name": "elegibilidad",
                    "editable": true,
                    "active": true,
                    "type": "exception",
                    "value_type": "titular / conyuge / hijos",
                    "value": ""
                },
                {
                    "row_parameter_name": "territorio de cobertura",
                    "editable": true,
                    "active": true,
                    "type": "exception",
                    "value_type": "nacional / extranjero / inetrnacional",
                    "value": "Nacional"
                }
            ],
            "legal": ""
        }
    },
    "global_information": {
        "effective_date": "",
        "expiration_date": "",
        "factor": "",
        "type": ""
    },
    "business_rules": {
        "experience": "",
        "product_type": "",
        "min_net_premium": "",
        "min_population": ""
    },
    "status": "",
    "comment": [
        {
            "name": "",
            "date": "",
            "comment": ""
        }
    ]
}