{
    "endoso_id": "endoso_82",
    "endoso_master_id": "82",
    "contract_no": "FW23347M",
    "subgrupo": "UNIVERSIDAD DE SON",
    "type": "standard",
    "endoso_details": {
        "name": "PREEXISTENCIA",
        "key": "",
        "title": "",
        "subtitle": "",
        "description": "Incluida, se atienden a partir de cumplir 24 MESES en el seguro. a aquellos integrantes que ingresen a la póliza a partir del 21/Nov/10 debiendo de respetarse el periodo de preexistencia de la vigencia anterior al resto de los participantes. Quedan cubiertas las enfermedades o accidentes preexistentes cubiertos por la presente póliza, aún y cuando: a) La sintomatología previa a dicha enfermedad no haya pasado desapercibida. b) Se hubiera establecido diagnóstico antes del alta del Asegurado en esta póliza. c) Existan gastos efectuados con anterioridad al inicio de la Cobertura. Sólo quedarán cubiertos los gastos realizados durante la vigencia de esta póliza. Este endoso modifica la exclusión estipulada en las Condiciones Generales del producto contratado, en el apartado V.Gastos Médicos Mayores no cubiertos, inciso1. Para que el presente endoso entre en vigor, El Asegurado deberá cumplir con un periodo de espera a partir de su inscripción en la póliza, de: 2 AÑOS Reconocimiento de Antigüedad: Aplica, siempre y cuando, en la(s) vigencia(s) anterior(es), cuente con la cobertura de preexistencia. Será cubierta: Únicamente en territorio nacional",
        "parameters": {
            "column_parameters": "",
            "row_parameters": [
                {
                    "row_parameter_name": "suma asegurada",
                    "editable": true,
                    "active": true,
                    "type": "std",
                    "value_type": "digits/currency (pesos, UMAM)/ de la poliza",
                    "value": ""
                },
                {
                    "row_parameter_name": "deducible",
                    "editable": true,
                    "active": true,
                    "type": "std",
                    "value_type": "digits / de la poliza",
                    "value": ""
                },
                {
                    "row_parameter_name": "coaseguro",
                    "editable": true,
                    "active": true,
                    "type": "std",
                    "value_type": "digits",
                    "value": ""
                },
                {
                    "row_parameter_name": "tope de coaseguro",
                    "editable": true,
                    "active": true,
                    "type": "std",
                    "value_type": "digits / sin tope",
                    "value": ""
                },
                {
                    "row_parameter_name": "periodo espera",
                    "editable": true,
                    "active": true,
                    "type": "std",
                    "value_type": "digits",
                    "value": "2"
                },
                {
                    "row_parameter_name": "reconocimiento de antigüedad",
                    "editable": true,
                    "active": true,
                    "type": "std",
                    "value_type": "aplica/no aplica",
                    "value": "aplica"
                },
                {
                    "row_parameter_name": "requisitos",
                    "editable": true,
                    "active": true,
                    "type": "std",
                    "value_type": "text",
                    "value": ""
                },
                {
                    "row_parameter_name": "gastos cubiertos",
                    "editable": true,
                    "active": true,
                    "type": "std",
                    "value_type": "text",
                    "value": "Quedan cubiertas las enfermedades o accidentes preexistentes cubiertos por la presente póliza"
                },
                {
                    "row_parameter_name": "gastos no cubiertos",
                    "editable": true,
                    "active": true,
                    "type": "std",
                    "value_type": "text",
                    "value": ""
                },
                {
                    "row_parameter_name": "aplicación de deducible y/o coaseguro",
                    "editable": true,
                    "active": true,
                    "type": "std",
                    "value_type": "Y/N",
                    "value": ""
                },
                {
                    "row_parameter_name": "condiciones generales",
                    "editable": true,
                    "active": true,
                    "type": "std",
                    "value_type": "string",
                    "value": "Para los demás términos y condiciones, aplicarán las Condiciones Generales vigentes del producto contratado. Este Endoso forma parte del Contrato de Seguro"
                },
                {
                    "row_parameter_name": "elegibilidad",
                    "editable": true,
                    "active": true,
                    "type": "exception",
                    "value_type": "titular / conyuge / hijos",
                    "value": ""
                },
                {
                    "row_parameter_name": "territorio de cobertura",
                    "editable": true,
                    "active": true,
                    "type": "exception",
                    "value_type": "nacional / extranjero / inetrnacional",
                    "value": "nacional"
                }
            ],
            "legal": ""
        }
    },
    "global_information": {
        "effective_date": "",
        "expiration_date": "",
        "factor": "",
        "type": ""
    },
    "business_rules": {
        "experience": "",
        "product_type": "",
        "min_net_premium": "",
        "min_population": ""
    },
    "status": "",
    "comment": [
        {
            "name": "",
            "date": "",
            "comment": ""
        }
    ]
}