{
    "endoso_id": "endoso_38",
    "endoso_master_id": "38",
    "contract_no": "FW80320B",
    "subgrupo": "GRUPO 6",
    "type": "standard",
    "endoso_details": {
        "name": "HALLUX VALGUS",
        "key": "HALL-022",
        "title": "",
        "subtitle": "",
        "description": "LA COMPAÑÍA CUBRIRÁ LOS GASTOS MÉDICOS EROGADOS DURANTE LA VIGENCIA DE ESTA PÓLIZA, PARA CORREGIR HALLUX VALGUS O JUANETES SIEMPRE Y CUANDO NO SEA DE CARÁCTER ESTÉTICO, HASTA LOS LÍMITES DE RESPONSABILIDAD QUE SE ESTABLECEN EN ESTE ENDOSO. PARA ESTE ENDOSO SÍ ES APLICABLE EL ENDOSO DE APLICACIÓN DE DEDUCIBLE Y/O COASEGURO. PARA LOS DEMÁS TÉRMINOS Y CONDICIONES, APLICARÁN LAS CONDICIONES GENERALES VIGENTES DEL PRODUCTO CONTRATADO. ESTE ENDOSO FORMA PARTE DEL CONTRATO DE SEGURO.",
        "parameters": {
            "column_parameters": [
                {
                    "column_parameter_name": "Pago directo",
                    "column_parameter_details": [
                        {
                            "row_parameters": [
                                {
                                    "row_parameter_name": "suma asegurada",
                                    "value": "",
                                    "unit": "",
                                    "type": "std"
                                },
                                {
                                    "row_parameter_name": "deducible",
                                    "value": "",
                                    "unit": "",
                                    "type": "std"
                                },
                                {
                                    "row_parameter_name": "coaseguro",
                                    "value": "",
                                    "unit": "",
                                    "type": "std"
                                },
                                {
                                    "row_parameter_name": "tope de coaseguro",
                                    "value": "",
                                    "unit": "",
                                    "type": "std"
                                },
                                {
                                    "row_parameter_name": "territorio de cobertura",
                                    "value": "",
                                    "type": "std"
                                },
                                {
                                    "row_parameter_name": "periodo espera",
                                    "value": "",
                                    "unit": "",
                                    "type": "std"
                                },
                                {
                                    "row_parameter_name": "gastos cubiertos",
                                    "value": "",
                                    "type": "std"
                                },
                                {
                                    "row_parameter_name": "gastos no cubiertos",
                                    "value": "",
                                    "type": "std"
                                },
                                {
                                    "row_parameter_name": "aplicación de deducible y/o coaseguro",
                                    "value": "true",
                                    "type": "std"
                                },
                                {
                                    "row_parameter_name": "condiciones generales",
                                    "value": "Para los demás términos y condiciones, aplicarán las Condiciones Generales vigentes del producto contratado. Este Endoso forma parte del Contrato de Seguro.",
                                    "type": "std"
                                },
                                {
                                    "row_parameter_name": "consulta postoperatoria",
                                    "value": "",
                                    "type": "exception"
                                },
                                {
                                    "row_parameter_name": "consulta preoperatoria",
                                    "value": "",
                                    "type": "exception"
                                }
                            ]
                        }
                    ]
                },
                {
                    "column_parameter_name": "Reembolso",
                    "column_parameter_details": [
                        {
                            "row_parameters": [
                                {
                                    "row_parameter_name": "suma asegurada",
                                    "value": "",
                                    "unit": "",
                                    "type": "std"
                                },
                                {
                                    "row_parameter_name": "deducible",
                                    "value": "",
                                    "unit": "",
                                    "type": "std"
                                },
                                {
                                    "row_parameter_name": "coaseguro",
                                    "value": "",
                                    "unit": "",
                                    "type": "std"
                                },
                                {
                                    "row_parameter_name": "tope de coaseguro",
                                    "value": "",
                                    "unit": "",
                                    "type": "std"
                                },
                                {
                                    "row_parameter_name": "territorio de cobertura",
                                    "value": "",
                                    "type": "std"
                                },
                                {
                                    "row_parameter_name": "periodo espera",
                                    "value": "",
                                    "unit": "",
                                    "type": "std"
                                },
                                {
                                    "row_parameter_name": "gastos cubiertos",
                                    "value": "",
                                    "type": "std"
                                },
                                {
                                    "row_parameter_name": "gastos no cubiertos",
                                    "value": "",
                                    "type": "std"
                                },
                                {
                                    "row_parameter_name": "aplicación de deducible y/o coaseguro",
                                    "value": "true",
                                    "type": "std"
                                },
                                {
                                    "row_parameter_name": "condiciones generales",
                                    "value": "Para los demás términos y condiciones, aplicarán las Condiciones Generales vigentes del producto contratado. Este Endoso forma parte del Contrato de Seguro.",
                                    "type": "std"
                                },
                                {
                                    "row_parameter_name": "consulta postoperatoria",
                                    "value": "",
                                    "type": "exception"
                                },
                                {
                                    "row_parameter_name": "consulta preoperatoria",
                                    "value": "",
                                    "type": "exception"
                                }
                            ]
                        }
                    ]
                }
            ]
        },
        "legal": "Para los demás términos y condiciones, aplicarán las Condiciones Generales vigentes del producto contratado. Este Endoso forma parte del Contrato de Seguro."
    },
    "global_information": {
        "effective_date": "",
        "expiration_date": "",
        "factor": "",
        "type": ""
    },
    "business_rules": {
        "experience": "",
        "product_type": "",
        "min_net_premium": "",
        "min_population": ""
    },
    "status": "",
    "comment": [
        {
            "name": "",
            "date": "",
            "comment": ""
        }
    ]
}