{
    "endoso_id": "endoso_84",
    "endoso_master_id": "84",
    "contract_no": "FW43351C",
    "subgrupo": "NACIONAL",
    "type": "standard",
    "endoso_details": {
        "name": "URGENCIA MÉDICA EN EL EXTRANJERO (UMEX)",
        "key": "",
        "title": "",
        "subtitle": "",
        "description": "Se establece que los gastos médicos  erogados por el  asegurado  fuera del territorio  nacional y  que  se  encuentren  cubiertos  de  acuerdo  a las condiciones generales  de esta póliza,  serán amparados hasta  los límites que se señalan a continuación, bajo las condiciones y/o endosos que forman parte de la póliza: Los Límites de Suma Asegurada, Deducible y Coaseguro son: Suma Asegurada: 250.000 USD Deducible 500 USD Coaseguro 20% Los demás términos y condiciones, deben operar conforme se señala en las Condiciones Generales del producto contratado para esta cobertura. Se cubre únicamente en el extranjero Este endoso forma parte integral y complementa las Condiciones Generales del Seguro.",
        "parameters": {
            "column_parameters": [
                {
                    "column_parameter_name": "Urgencias Médicas",
                    "column_parameter_details": [
                        {
                            "sub_column_parameter_name": "",
                            "row_parameters": [
                                {
                                    "row_parameter_name": "suma asegurada",
                                    "value": "250,000",
                                    "unit": "USD",
                                    "type": "std"
                                },
                                {
                                    "row_parameter_name": "deducible",
                                    "value": "500",
                                    "unit": "USD",
                                    "type": "std"
                                },
                                {
                                    "row_parameter_name": "coaseguro",
                                    "value": "20",
                                    "unit": "%",
                                    "type": "std"
                                },
                                {
                                    "row_parameter_name": "información adicional",
                                    "value": "",
                                    "type": "std"
                                },
                                {
                                    "row_parameter_name": "gastos cubiertos",
                                    "value": "Se cubre únicamente en el extranjero",
                                    "type": "std"
                                },
                                {
                                    "row_parameter_name": "gastos no cubiertos",
                                    "value": "",
                                    "type": "std"
                                },
                                {
                                    "row_parameter_name": "aplicación de deducible y/o coaseguro",
                                    "value": "true",
                                    "type": "std"
                                },
                                {
                                    "row_parameter_name": "condiciones generales",
                                    "value": "Los demás términos y condiciones, deben operar conforme se señala en las Condiciones Generales del producto contratado para esta cobertura. Este endoso forma parte integral y complementa las Condiciones Generales del Seguro.",
                                    "type": "std"
                                },
                                {
                                    "row_parameter_name": "elegibilidad",
                                    "value": "",
                                    "type": "exception"
                                },
                                {
                                    "row_parameter_name": "periodo de espera",
                                    "value": "",
                                    "type": "exception"
                                },
                                {
                                    "row_parameter_name": "tope de coaseguro",
                                    "value": "",
                                    "type": "exception"
                                },
                                {
                                    "row_parameter_name": "territorio de cobertura",
                                    "value": "extranjero",
                                    "type": "exception"
                                }
                            ]
                        }
                    ]
                }
            ]
        },
        "legal": "Los demás términos y condiciones, deben operar conforme se señala en las Condiciones Generales del producto contratado para esta cobertura. Este endoso forma parte integral y complementa las Condiciones Generales del Seguro."
    },
    "global_information": {
        "effective_date": "",
        "expiration_date": "",
        "factor": "",
        "type": ""
    },
    "business_rules": {
        "experience": "",
        "product_type": "",
        "min_net_premium": "",
        "min_population": ""
    },
    "status": "",
    "comment": [
        {
            "name": "",
            "date": "",
            "comment": ""
        }
    ]
}