{
    "endoso_id": "endoso_82",
    "endoso_master_id": "82",
    "contract_no": "FW46294C",
    "subgrupo": "banco opional 1 na",
    "type": "standard",
    "endoso_details": {
        "name": "PREEXISTENCIA",
        "key": "",
        "title": "",
        "subtitle": "",
        "description": "Se cubren los gastos médicos erogados durante la vigencia de esta póliza, por tratamientos y/o procedimientos del Asegurado vigente, que sean procedentes de acuerdo a las Condiciones Generales vigentes del producto contratado, de accidentes ocurridos y/o padecimientos diagnosticados previos a la fecha de alta del asegurado en esta póliza. Se reconocen padecimientos congénitos. Dichos gastos se cubren bajo los términos y condiciones establecidos en el apartado \"Gastos Médicos Mayores Cubiertos\" de las Condiciones Generales vigentes del producto contratado, así como los endosos que forman parte de este contrato, y hasta los límites que se establecen en este endoso. Para los gastos médicos erogados por accidentes ocurridos y/o padecimientos diagnosticados que hayan sido cubiertos por otra póliza de Gastos Médicos Mayores de esta u otra Compañía de Seguros, aplicarán las condiciones del endoso de Continuidad de Cobertura. En caso de que aplique alguno de los endosos adicionales existentes en ésta póliza para el accidente o padecimiento procedente, se aplican las condiciones establecidas en el mismo, prevaleciendo sobre las condiciones que se indican en este endoso. Aplican los siguientes límites de responsabilidad: Elegibilidad: Todos los Asegurados de la Póliza Suma Asegurada: De la póliza Deducible: De la póliza Coaseguro: De la póliza Periodo de espera: 1 AÑO Reconocimiento de antigüedad: Si Aplica Se cubre en territorio: Nacional Los demás términos y condiciones, deben aplicar de acuerdo a las Condiciones Generales del producto contratado. Este endoso forma parte integral y complementa las Condiciones Generales del Seguro.",
        "parameters": {
            "column_parameters": [
                {
                    "column_parameter_name": "",
                    "column_parameter_details": [
                        {
                            "sub_column_parameter_name": "",
                            "row_parameters": [
                                {
                                    "row_parameter_name": "suma asegurada",
                                    "value": "",
                                    "unit": "",
                                    "type": "std"
                                },
                                {
                                    "row_parameter_name": "deducible",
                                    "value": "",
                                    "unit": "",
                                    "type": "std"
                                },
                                {
                                    "row_parameter_name": "coaseguro",
                                    "value": "",
                                    "unit": "",
                                    "type": "std"
                                },
                                {
                                    "row_parameter_name": "tope de coaseguro",
                                    "value": "",
                                    "unit": "",
                                    "type": "std"
                                },
                                {
                                    "row_parameter_name": "periodo espera",
                                    "value": "1",
                                    "unit": "AÑO",
                                    "type": "std"
                                },
                                {
                                    "row_parameter_name": "reconocimiento de antigüedad",
                                    "value": "Si Aplica",
                                    "type": "std"
                                },
                                {
                                    "row_parameter_name": "requisitos",
                                    "value": "",
                                    "type": "std"
                                },
                                {
                                    "row_parameter_name": "gastos cubiertos",
                                    "value": "",
                                    "type": "std"
                                },
                                {
                                    "row_parameter_name": "gastos no cubiertos",
                                    "value": "",
                                    "type": "std"
                                },
                                {
                                    "row_parameter_name": "aplicación de deducible y/o coaseguro",
                                    "value": "",
                                    "type": "std"
                                },
                                {
                                    "row_parameter_name": "condiciones generales",
                                    "value": "Para los demás términos y condiciones, deben aplicar de acuerdo a las Condiciones Generales del producto contratado. Este endoso forma parte integral y complementa las Condiciones Generales del Seguro.",
                                    "type": "std"
                                },
                                {
                                    "row_parameter_name": "elegibilidad",
                                    "value": "Todos los Asegurados de la Póliza",
                                    "type": "exception"
                                },
                                {
                                    "row_parameter_name": "territorio de cobertura",
                                    "value": "Nacional",
                                    "type": "exception"
                                }
                            ]
                        }
                    ]
                }
            ]
        },
        "legal": "Para los demás términos y condiciones, deben aplicar de acuerdo a las Condiciones Generales del producto contratado. Este endoso forma parte integral y complementa las Condiciones Generales del Seguro."
    },
    "global_information": {
        "effective_date": "",
        "expiration_date": "",
        "factor": "",
        "type": ""
    },
    "business_rules": {
        "experience": "",
        "product_type": "",
        "min_net_premium": "",
        "min_population": ""
    },
    "status": "",
    "comment": [
        {
            "name": "",
            "date": "",
            "comment": ""
        }
    ]
}