{
    "endoso_id": "endoso_155",
    "endoso_master_id": "155",
    "contract_no": "FW82407A",
    "subgrupo": "BLANCO EMPLEADOS",
    "type": "standard",
    "endoso_details": {
        "name": "FACTORES NEUROTROFICOS",
        "key": "ENDO-ESP",
        "title": "",
        "subtitle": "",
        "description": "La compañía cubrirá los gastos médicos erogados durante la vigencia de esta Póliza por factores neurotroficos, siempre y cuando sean prescritos por el Médico tratante. Para este Endoso aplicarán los siguientes límites de responsabilidad: Monto máximo por factor neurotrofico: $3,000 M.N Este beneficio aplica únicamente para: Asegurado: Maximiliano Castil Vega Certificado: 10193634 Siniestro: 18010126964 Diagnóstico: Epilepsia Parentesco: Hijo El presente beneficio aplica a través de Reembolso. Para este Endoso si es aplicable el Endoso de  Aplicación de Deducible y/o Coaseguro. Para los demás términos y condiciones, aplicarán las Condiciones Generales vigentes del producto contratado. Este Endoso forma parte del Contrato de Seguro.",
        "parameters": {
            "column_parameters": [
                {
                    "column_parameter_name": "Factores Neurotroficos",
                    "column_parameter_details": [
                        {
                            "sub_column_parameter_name": "",
                            "row_parameters": [
                                {
                                    "row_parameter_name": "monto máximo por factor neurotrofico",
                                    "value": "3,000",
                                    "unit": "M.N",
                                    "type": "std"
                                },
                                {
                                    "row_parameter_name": "aplicación de deducible y/o coaseguro",
                                    "value": "true",
                                    "type": "std"
                                },
                                {
                                    "row_parameter_name": "condiciones generales",
                                    "value": "Para los demás términos y condiciones, aplicarán las Condiciones Generales vigentes del producto contratado. Este Endoso forma parte del Contrato de Seguro.",
                                    "type": "std"
                                }
                            ]
                        }
                    ]
                }
            ]
        },
        "legal": "Para los demás términos y condiciones, aplicarán las Condiciones Generales vigentes del producto contratado. Este Endoso forma parte del Contrato de Seguro."
    },
    "global_information": {
        "effective_date": "",
        "expiration_date": "",
        "factor": "",
        "type": ""
    },
    "business_rules": {
        "experience": "",
        "product_type": "",
        "min_net_premium": "",
        "min_population": ""
    },
    "status": "",
    "comment": [
        {
            "name": "",
            "date": "",
            "comment": ""
        }
    ]
}