{
    "endoso_id": "endoso_84",
    "endoso_master_id": "84",
    "contract_no": "FW18675Q",
    "subgrupo": "FUNDACION INTERAME",
    "type": "standard",
    "endoso_details": {
        "name": "URGENCIA MÉDICA EN EL EXTRANJERO (UMEX)",
        "key": "",
        "title": "",
        "subtitle": "",
        "description": "Es la aparición repentina de una alteración de la salud del Asegurado, la cual se manifiesta a través de síntomas agudos de tal severidad, que ponen en peligro la vida del enfermo o accidentado, su integridad corporal o la viabilidad de alguno de sus órganos. Por medio de este documento se hace constar que: Se cubren los gastos originados en caso de sufrir alguna enfermedad o accidente que pueda ser considerada como urgencia médica en cualquier lugar del mundo, para la cual no se haya presentado atención médica previa al acontecimiento en territorio nacional. Si, a la solicitud del seguro, El Contratante requiere incluir algún(os) padecimiento(s) a la póliza que esté especificado como exclusión en las Condiciones Generales del Seguro, éste(os) se deberá(n) incluir mediante endoso especial. Dicho(s) padecimiento(s) podrá(n) cubrirse en territorio extranjero con las limitaciones y condiciones de la cobertura de urgencia médica en el extranjero. Esta cobertura aplica de acuerdo con los siguientes límites y condiciones: Pago de Reclamaciones Sistema de Pago por Reembolso: Funciona para aquellos gastos cubiertos por la póliza en atención médica de urgencia que: -El servicio médico se hubiere proporcionado en hospitales no afiliados. - Por la situación del internamiento (falta de documentos, duda en cuanto a la vigencia de la póliza, coberturas, alta de asegurados, pagos, etc.) no se hubiera dado autorización de pago directo. Sistema de Pago Directo: A través de este sistema La Compañía pagará, si así lo autoriza, directamente a los médicos y hospitales que acepten el pago directo sin que el asegurado tenga que realizar desembolso por los gastos erogados, quedando únicamente a su cargo los gastos no cubiertos. En caso de que el asegurado optara por atenderse en un hospital y con médicos afiliados y que el internamiento sea mayor a 24 hrs., podrá hacer uso del sistema de pago directo en el que, previa verificación de La Compañía respecto a la procedencia del caso, vigencia de póliza, endosos especiales, alta de asegurados, pagos, etc., si procede el internamiento, La Compañía efectuará el pago de los gastos cubiertos por la póliza en forma directa al hospital y médicos afiliados, eliminando en estos casos la cantidad por concepto de deducible. Para operar dicho sistema se entregará al asegurado una tarjeta de identificación en la que se consignan los teléfonos de servicios en los que se proporcionará los nombres de los hospitales y médicos afiliados que lo puedan atender. Este sistema se otorgará sin cargo adicional de prima. Gastos Cubiertos 1.- Cuarto semi-privado y alimentos del paciente. 2. Médicos y/o cirujanos. Honorarios por intervención quirúrgica, así como visitas intrahospitalarias. 3. Anestesista. Honorarios profesionales. 4. Suministros en el hospital. Medicamentos, material médico, equipos anestésicos y sala de operaciones. 5. Servicio de diagnóstico. Exámenes de laboratorio y gabinete, radiografías, etc. 6. Servicio de ambulancia terrestre. En la localidad hacia o desde el hospital, siempre y cuando médicamente sea necesario. 7. Aparatos ortopédicos y prótesis, necesarios para el tratamiento médico a excepción de reemplazos. 8. Para UME Los gastos médicos del recién nacido quedarán cubiertos a partir del primer día de nacido de acuerdo a las condiciones generales de la póliza y/o endosos especiales. Esta cobertura no ampara: A. Las exclusiones y limitaciones de los gastos que se encuentran estipulados como gastos no cubiertos de las Condiciones Generales del Seguro salvo lo especificado en los endosos adicionales que forman parte integral de la póliza y en apego a la definición de urgencia médica. B. Tratamientos que no sean catalogados como de urgencia, de común acuerdo por el médico tratante y La Compañía. C. No quedarán cubiertos los accidentes o enfermedades que se hayan originado en la República Mexicana, así como sus consecuencias o complicaciones, sean o no motivo de la estancia o el viaje. D. No quedará cubiert",
        "parameters": {
            "column_parameters": [
                {
                    "column_parameter_name": "Urgencias Médicas",
                    "column_parameter_details": [
                        {
                            "sub_column_parameter_name": "",
                            "row_parameters": [
                                {
                                    "row_parameter_name": "suma asegurada",
                                    "value": "",
                                    "unit": "",
                                    "type": "std"
                                },
                                {
                                    "row_parameter_name": "deducible",
                                    "value": "",
                                    "unit": "",
                                    "type": "std"
                                },
                                {
                                    "row_parameter_name": "coaseguro",
                                    "value": "",
                                    "unit": "",
                                    "type": "std"
                                },
                                {
                                    "row_parameter_name": "información adicional",
                                    "value": "",
                                    "type": "std"
                                },
                                {
                                    "row_parameter_name": "gastos cubiertos",
                                    "value": "Cuarto semi-privado y alimentos del paciente. Médicos y/o cirujanos. Honorarios por intervención quirúrgica, así como visitas intrahospitalarias. Anestesista. Honorarios profesionales. Suministros en el hospital. Medicamentos, material médico, equipos anestésicos y sala de operaciones. Servicio de diagnóstico. Exámenes de laboratorio y gabinete, radiografías, etc. Servicio de ambulancia terrestre. En la localidad hacia o desde el hospital, siempre y cuando médicamente sea necesario. Aparatos ortopédicos y prótesis, necesarios para el tratamiento médico a excepción de reemplazos. Para UME Los gastos médicos del recién nacido quedarán cubiertos a partir del primer día de nacido de acuerdo a las condiciones generales de la póliza y/o endosos especiales.",
                                    "type": "std"
                                },
                                {
                                    "row_parameter_name": "gastos no cubiertos",
                                    "value": "Las exclusiones y limitaciones de los gastos que se encuentran estipulados como gastos no cubiertos de las Condiciones Generales del Seguro salvo lo especificado en los endosos adicionales que forman parte integral de la póliza y en apego a la definición de urgencia médica. Tratamientos que no sean catalogados como de urgencia, de común acuerdo por el médico tratante y La Compañía. No quedarán cubiertos los accidentes o enfermedades que se hayan originado en la República Mexicana, así como sus consecuencias o complicaciones, sean o no motivo de la estancia o el viaje.",
                                    "type": "std"
                                },
                                {
                                    "row_parameter_name": "aplicación de deducible y/o coaseguro",
                                    "value": "false",
                                    "type": "std"
                                },
                                {
                                    "row_parameter_name": "condiciones generales",
                                    "value": "Para los demás términos y condiciones, aplicarán las Condiciones Generales vigentes del producto contratado. Este Endoso forma parte del Contrato de Seguro.",
                                    "type": "std"
                                },
                                {
                                    "row_parameter_name": "elegibilidad",
                                    "value": "",
                                    "type": "exception"
                                },
                                {
                                    "row_parameter_name": "periodo de espera",
                                    "value": "",
                                    "type": "exception"
                                },
                                {
                                    "row_parameter_name": "tope de coaseguro",
                                    "value": "",
                                    "type": "exception"
                                },
                                {
                                    "row_parameter_name": "territorio de cobertura",
                                    "value": "extranjero",
                                    "type": "exception"
                                }
                            ]
                        }
                    ]
                },
                {
                    "column_parameter_name": "Accidente",
                    "column_parameter_details": [
                        {
                            "sub_column_parameter_name": "",
                            "row_parameters": [
                                {
                                    "row_parameter_name": "suma asegurada",
                                    "value": "",
                                    "unit": "",
                                    "type": "std"
                                },
                                {
                                    "row_parameter_name": "deducible",
                                    "value": "",
                                    "unit": "",
                                    "type": "std"
                                },
                                {
                                    "row_parameter_name": "coaseguro",
                                    "value": "",
                                    "unit": "",
                                    "type": "std"
                                },
                                {
                                    "row_parameter_name": "información adicional",
                                    "value": "",
                                    "type": "std"
                                },
                                {
                                    "row_parameter_name": "gastos cubiertos",
                                    "value": "",
                                    "type": "std"
                                },
                                {
                                    "row_parameter_name": "gastos no cubiertos",
                                    "value": "",
                                    "type": "std"
                                },
                                {
                                    "row_parameter_name": "aplicación de deducible y/o coaseguro",
                                    "value": "",
                                    "type": "std"
                                },
                                {
                                    "row_parameter_name": "condiciones generales",
                                    "value": "Para los demás términos y condiciones, aplicarán las Condiciones Generales vigentes del producto contratado. Este Endoso forma parte del Contrato de Seguro.",
                                    "type": "std"
                                },
                                {
                                    "row_parameter_name": "elegibilidad",
                                    "value": "",
                                    "type": "exception"
                                },
                                {
                                    "row_parameter_name": "periodo de espera",
                                    "value": "",
                                    "type": "exception"
                                },
                                {
                                    "row_parameter_name": "tope de coaseguro",
                                    "value": "",
                                    "type": "exception"
                                },
                                {
                                    "row_parameter_name": "territorio de cobertura",
                                    "value": "",
                                    "type": "exception"
                                }
                            ]
                        }
                    ]
                }
            ]
        },
        "legal": "Para los demás términos y condiciones, aplicarán las Condiciones Generales vigentes del producto contratado. Este Endoso forma parte del Contrato de Seguro."
    },
    "global_information": {
        "effective_date": "",
        "expiration_date": "",
        "factor": "",
        "type": ""
    },
    "business_rules": {
        "experience": "",
        "product_type": "",
        "min_net_premium": "",
        "min_population": ""
    },
    "status": "",
    "comment": [
        {
            "name": "",
            "date": "",
            "comment": ""
        }
    ]
}