{
    "endoso_id": "endoso_38",
    "endoso_master_id": "38",
    "contract_no": "FW46746B",
    "subgrupo": "EMPLEADOS",
    "type": "standard",
    "endoso_details": {
        "name": "HALLUX VALGUS",
        "key": "",
        "title": "",
        "subtitle": "",
        "description": "La Compañía cubrirá los gastos médicos erogados durante la vigencia de esta Póliza, para corregir hallux valgus o juanetes siempre y cuando no sea de carácter estético, hasta los límites de responsabilidad que se establecen en este Endoso. Para este Endoso  sí  es aplicable el Endoso de Aplicación de Deducible y/o Coaseguro. Para los demás términos y condiciones, aplicarán las Condiciones Generales vigentes del producto contratado. Este Endoso forma parte del Contrato de Seguro.",
        "parameters": {
            "column_parameters": [
                {
                    "column_parameter_name": "Pago directo",
                    "column_parameter_details": [
                        {
                            "row_parameters": [
                                {
                                    "row_parameter_name": "suma asegurada",
                                    "editable": true,
                                    "active": true,
                                    "type": "std",
                                    "value_type": "digits/currency (pesos, UMAM)/ de la poliza",
                                    "value": ""
                                },
                                {
                                    "row_parameter_name": "deducible",
                                    "editable": true,
                                    "active": true,
                                    "type": "std",
                                    "value_type": "digits / de la poliza",
                                    "value": ""
                                },
                                {
                                    "row_parameter_name": "coaseguro",
                                    "editable": true,
                                    "active": true,
                                    "type": "std",
                                    "value_type": "digits",
                                    "value": ""
                                },
                                {
                                    "row_parameter_name": "tope de coaseguro",
                                    "editable": true,
                                    "active": true,
                                    "type": "std",
                                    "value_type": "digits",
                                    "value": ""
                                },
                                {
                                    "row_parameter_name": "territorio de cobertura",
                                    "editable": true,
                                    "active": true,
                                    "type": "std",
                                    "value_type": "nacional / extranjero / inetrnacional",
                                    "value": ""
                                },
                                {
                                    "row_parameter_name": "periodo espera",
                                    "editable": true,
                                    "active": true,
                                    "type": "std",
                                    "value_type": "digits",
                                    "value": ""
                                },
                                {
                                    "row_parameter_name": "gastos cubiertos",
                                    "editable": true,
                                    "active": true,
                                    "type": "std",
                                    "value_type": "text",
                                    "value": ""
                                },
                                {
                                    "row_parameter_name": "gastos no cubiertos",
                                    "editable": true,
                                    "active": true,
                                    "type": "std",
                                    "value_type": "text",
                                    "value": ""
                                },
                                {
                                    "row_parameter_name": "aplicación de deducible y/o coaseguro",
                                    "editable": true,
                                    "active": true,
                                    "type": "std",
                                    "value_type": "Y/N",
                                    "value": "Y"
                                },
                                {
                                    "row_parameter_name": "condiciones generales",
                                    "editable": true,
                                    "active": true,
                                    "type": "std",
                                    "value_type": "string",
                                    "value": "Para los demás términos y condiciones, aplicarán las Condiciones Generales vigentes del producto contratado. Este Endoso forma parte del Contrato de Seguro"
                                },
                                {
                                    "row_parameter_name": "consulta postoperatoria",
                                    "editable": true,
                                    "active": true,
                                    "type": "exception",
                                    "value_type": "Y/N",
                                    "value": ""
                                },
                                {
                                    "row_parameter_name": "consulta preoperatoria",
                                    "editable": true,
                                    "active": true,
                                    "type": "exception",
                                    "value_type": "Y/N",
                                    "value": ""
                                }
                            ]
                        }
                    ]
                },
                {
                    "column_parameter_name": "Reembolso",
                    "column_parameter_details": [
                        {
                            "row_parameters": [
                                {
                                    "row_parameter_name": "suma asegurada",
                                    "editable": true,
                                    "active": true,
                                    "type": "std",
                                    "value_type": "digits/currency (pesos, UMAM)/ de la poliza",
                                    "value": ""
                                },
                                {
                                    "row_parameter_name": "deducible",
                                    "editable": true,
                                    "active": true,
                                    "type": "std",
                                    "value_type": "digits / de la poliza",
                                    "value": ""
                                },
                                {
                                    "row_parameter_name": "coaseguro",
                                    "editable": true,
                                    "active": true,
                                    "type": "std",
                                    "value_type": "digits",
                                    "value": ""
                                },
                                {
                                    "row_parameter_name": "tope de coaseguro",
                                    "editable": true,
                                    "active": true,
                                    "type": "std",
                                    "value_type": "digits",
                                    "value": ""
                                },
                                {
                                    "row_parameter_name": "territorio de cobertura",
                                    "editable": true,
                                    "active": true,
                                    "type": "std",
                                    "value_type": "nacional / extranjero / inetrnacional",
                                    "value": ""
                                },
                                {
                                    "row_parameter_name": "periodo espera",
                                    "editable": true,
                                    "active": true,
                                    "type": "std",
                                    "value_type": "digits",
                                    "value": ""
                                },
                                {
                                    "row_parameter_name": "gastos cubiertos",
                                    "editable": true,
                                    "active": true,
                                    "type": "std",
                                    "value_type": "text",
                                    "value": ""
                                },
                                {
                                    "row_parameter_name": "gastos no cubiertos",
                                    "editable": true,
                                    "active": true,
                                    "type": "std",
                                    "value_type": "text",
                                    "value": ""
                                },
                                {
                                    "row_parameter_name": "aplicación de deducible y/o coaseguro",
                                    "editable": true,
                                    "active": true,
                                    "type": "std",
                                    "value_type": "Y/N",
                                    "value": "Y"
                                },
                                {
                                    "row_parameter_name": "condiciones generales",
                                    "editable": true,
                                    "active": true,
                                    "type": "std",
                                    "value_type": "string",
                                    "value": "Para los demás términos y condiciones, aplicarán las Condiciones Generales vigentes del producto contratado. Este Endoso forma parte del Contrato de Seguro"
                                },
                                {
                                    "row_parameter_name": "consulta postoperatoria",
                                    "editable": true,
                                    "active": true,
                                    "type": "exception",
                                    "value_type": "Y/N",
                                    "value": ""
                                },
                                {
                                    "row_parameter_name": "consulta preoperatoria",
                                    "editable": true,
                                    "active": true,
                                    "type": "exception",
                                    "value_type": "Y/N",
                                    "value": ""
                                }
                            ]
                        }
                    ]
                }
            ]
        },
        "legal": "Para los demás términos y condiciones, aplicarán las Condiciones Generales vigentes del producto contratado. Este Endoso forma parte del Contrato de Seguro."
    },
    "global_information": {
        "effective_date": "",
        "expiration_date": "",
        "factor": "",
        "type": ""
    },
    "business_rules": {
        "experience": "",
        "product_type": "",
        "min_net_premium": "",
        "min_population": ""
    },
    "status": "",
    "comment": [
        {
            "name": "",
            "date": "",
            "comment": ""
        }
    ]
}