{
    "endoso_id": "endoso_155",
    "endoso_master_id": "155",
    "contract_no": "FW59317A",
    "subgrupo": "EMPLEADOS",
    "type": "standard",
    "endoso_details": {
        "name": "FACTORES NEUROTROFICOS",
        "key": "ENDO-ESP",
        "title": "",
        "subtitle": "",
        "description": "La compañía cubrirá los gastos médicos erogados durante la vigencia de esta Póliza por factores neurotroficos, siempre y cuando sean prescritos por el Médico tratante. Para este Endoso aplicarán los siguientes límites de responsabilidad: Monto máximo por factor neurotrofico: $3,000 M.N Este beneficio aplica únicamente para: Asegurado: Maximiliano Castil Vega Certificado: 10193634 Siniestro: 18010126964 Diagnóstico: Epilepsia Parentesco: Hijo El presente beneficio aplica a través de Reembolso. Para este Endoso si es aplicable el Endoso de  Aplicación de Deducible y/o Coaseguro. Para los demás términos y condiciones, aplicarán las Condiciones Generales vigentes del producto contratado. Este Endoso forma parte del Contrato de Seguro.",
        "parameters": {
            "column_parameters": "",
            "row_parameters": [
                {
                    "row_parameter_name": "Descripcion",
                    "editable": true,
                    "active": true,
                    "type": "std",
                    "value_type": "text",
                    "value": "La compañía cubrirá los gastos médicos erogados durante la vigencia de esta Póliza por factores neurotroficos, siempre y cuando sean prescritos por el Médico tratante."
                },
                {
                    "row_parameter_name": "Factor",
                    "editable": true,
                    "active": true,
                    "type": "std",
                    "value_type": "digits",
                    "value": "3000"
                },
                {
                    "row_parameter_name": "Condiciones Generales",
                    "editable": true,
                    "active": true,
                    "type": "std",
                    "value_type": "string",
                    "value": "Para los demás términos y condiciones, aplicarán las Condiciones Generales vigentes del producto contratado. Este Endoso forma parte del Contrato de Seguro."
                }
            ],
            "legal": ""
        }
    },
    "global_information": {
        "effective_date": "",
        "expiration_date": "",
        "factor": "",
        "type": ""
    },
    "business_rules": {
        "experience": "",
        "product_type": "",
        "min_net_premium": "",
        "min_population": ""
    },
    "status": "",
    "comment": [
        {
            "name": "",
            "date": "",
            "comment": ""
        }
    ]
}