{
    "endoso_id": "endoso_84",
    "endoso_master_id": "84",
    "contract_no": "FW18576P",
    "subgrupo": "ZUBEX INDUSTRIAL",
    "type": "standard",
    "endoso_details": {
        "name": "EXCLUIDO POR IND, TECNICA",
        "key": "",
        "title": "",
        "subtitle": "",
        "description": "HOSPITALIZACION  SEA  DERIVADA A  CONSECUENCIA  DE  UN  ACCIDENTE  Y/O ENFERMEDAD CUBIERTOS POR ESTAS CONDICIONES GENERALES DE GASTOS MEDICOS MAYORES GRUPO Y COLECTIVO. ADEMAS ESTE BENEFICIO ESTA SUJETO A LA DISPONIBILIDAD DEL CUARTO SUITE DENTRO DEL HOSPITAL. ESTE BENEFICIO SE CUBRIRA DE LO QUE RESULTE MENOR ENTRE * UN MAXIMO DE DOS VECES EL COSTO DE CUARTO SENCILLO ESTANDAR * EL CUARTO SUITE, SIEMPRE Y CUANDO SEA LA SUITE INMEDIATA SUPERIOR AL CUARTO PRIVADO ESTANDAR. LO ANTERIOR MODIFICA LO SEÑALADO EN LA CARATULA DE LA POLIZA. LOS DEMAS TERMINOS Y CONDICIONES DE LA POLIZA NO SUFREN ALTERACION ALGUNA.",
        "parameters": {
            "column_parameters": [
                {
                    "column_parameter_name": "Urgencias Médicas",
                    "column_parameter_details": [
                        {
                            "sub_column_parameter_name": "",
                            "row_parameters": [
                                {
                                    "row_parameter_name": "suma asegurada",
                                    "value": "",
                                    "unit": "",
                                    "type": "std"
                                },
                                {
                                    "row_parameter_name": "deducible",
                                    "value": "",
                                    "unit": "",
                                    "type": "std"
                                },
                                {
                                    "row_parameter_name": "coaseguro",
                                    "value": "",
                                    "unit": "",
                                    "type": "std"
                                },
                                {
                                    "row_parameter_name": "información adicional",
                                    "value": "",
                                    "type": "std"
                                },
                                {
                                    "row_parameter_name": "gastos cubiertos",
                                    "value": "",
                                    "type": "std"
                                },
                                {
                                    "row_parameter_name": "gastos no cubiertos",
                                    "value": "",
                                    "type": "std"
                                },
                                {
                                    "row_parameter_name": "aplicación de deducible y/o coaseguro",
                                    "value": "",
                                    "type": "std"
                                },
                                {
                                    "row_parameter_name": "condiciones generales",
                                    "value": "LOS DEMAS TERMINOS Y CONDICIONES DE LA POLIZA NO SUFREN ALTERACION ALGUNA.",
                                    "type": "std"
                                },
                                {
                                    "row_parameter_name": "elegibilidad",
                                    "value": "",
                                    "type": "exception"
                                },
                                {
                                    "row_parameter_name": "periodo de espera",
                                    "value": "",
                                    "type": "exception"
                                },
                                {
                                    "row_parameter_name": "tope de coaseguro",
                                    "value": "",
                                    "type": "exception"
                                },
                                {
                                    "row_parameter_name": "territorio de cobertura",
                                    "value": "",
                                    "type": "exception"
                                }
                            ]
                        }
                    ]
                },
                {
                    "column_parameter_name": "Accidente",
                    "column_parameter_details": [
                        {
                            "sub_column_parameter_name": "",
                            "row_parameters": [
                                {
                                    "row_parameter_name": "suma asegurada",
                                    "value": "",
                                    "unit": "",
                                    "type": "std"
                                },
                                {
                                    "row_parameter_name": "deducible",
                                    "value": "",
                                    "unit": "",
                                    "type": "std"
                                },
                                {
                                    "row_parameter_name": "coaseguro",
                                    "value": "",
                                    "unit": "",
                                    "type": "std"
                                },
                                {
                                    "row_parameter_name": "información adicional",
                                    "value": "",
                                    "type": "std"
                                },
                                {
                                    "row_parameter_name": "gastos cubiertos",
                                    "value": "",
                                    "type": "std"
                                },
                                {
                                    "row_parameter_name": "gastos no cubiertos",
                                    "value": "",
                                    "type": "std"
                                },
                                {
                                    "row_parameter_name": "aplicación de deducible y/o coaseguro",
                                    "value": "",
                                    "type": "std"
                                },
                                {
                                    "row_parameter_name": "condiciones generales",
                                    "value": "LOS DEMAS TERMINOS Y CONDICIONES DE LA POLIZA NO SUFREN ALTERACION ALGUNA.",
                                    "type": "std"
                                },
                                {
                                    "row_parameter_name": "elegibilidad",
                                    "value": "",
                                    "type": "exception"
                                },
                                {
                                    "row_parameter_name": "periodo de espera",
                                    "value": "",
                                    "type": "exception"
                                },
                                {
                                    "row_parameter_name": "tope de coaseguro",
                                    "value": "",
                                    "type": "exception"
                                },
                                {
                                    "row_parameter_name": "territorio de cobertura",
                                    "value": "",
                                    "type": "exception"
                                }
                            ]
                        }
                    ]
                }
            ]
        },
        "legal": "LOS DEMAS TERMINOS Y CONDICIONES DE LA POLIZA NO SUFREN ALTERACION ALGUNA."
    },
    "global_information": {
        "effective_date": "",
        "expiration_date": "",
        "factor": "",
        "type": ""
    },
    "business_rules": {
        "experience": "",
        "product_type": "",
        "min_net_premium": "",
        "min_population": ""
    },
    "status": "",
    "comment": [
        {
            "name": "",
            "date": "",
            "comment": ""
        }
    ]
}