{
    "endoso_id": "endoso_38",
    "endoso_master_id": "38",
    "contract_no": "FW23347M",
    "subgrupo": "UNIVERSIDAD DE SON",
    "type": "standard",
    "endoso_details": {
        "name": "HALLUX VALGUS",
        "key": "",
        "title": "",
        "subtitle": "",
        "description": "Se cubre con suma asegurada de $40,000 mn, aplica deducible y coaseguro de poliza y periodo de espera de un año. Para este endoso no es aplicable el Endoso de Aplicacion de Deducible y/o Coaseguro",
        "parameters": {
            "column_parameters": [
                {
                    "column_parameter_name": "Pago directo",
                    "column_parameter_details": [
                        {
                            "sub_column_parameter_name": "",
                            "row_parameters": [
                                {
                                    "row_parameter_name": "suma asegurada",
                                    "value": "40,000",
                                    "unit": "mn",
                                    "type": "std"
                                },
                                {
                                    "row_parameter_name": "deducible",
                                    "value": "",
                                    "unit": "",
                                    "type": "std"
                                },
                                {
                                    "row_parameter_name": "coaseguro",
                                    "value": "",
                                    "unit": "",
                                    "type": "std"
                                },
                                {
                                    "row_parameter_name": "tope de coaseguro",
                                    "value": "",
                                    "unit": "",
                                    "type": "std"
                                },
                                {
                                    "row_parameter_name": "territorio de cobertura",
                                    "value": "",
                                    "type": "std"
                                },
                                {
                                    "row_parameter_name": "periodo espera",
                                    "value": "1",
                                    "unit": "año",
                                    "type": "std"
                                },
                                {
                                    "row_parameter_name": "gastos cubiertos",
                                    "value": "",
                                    "type": "std"
                                },
                                {
                                    "row_parameter_name": "gastos no cubiertos",
                                    "value": "",
                                    "type": "std"
                                },
                                {
                                    "row_parameter_name": "aplicación de deducible y/o coaseguro",
                                    "value": "false",
                                    "type": "std"
                                },
                                {
                                    "row_parameter_name": "condiciones generales",
                                    "value": "Para los demás términos y condiciones, aplicarán las Condiciones Generales vigentes del producto contratado. Este Endoso forma parte del Contrato de Seguro.",
                                    "type": "std"
                                },
                                {
                                    "row_parameter_name": "consulta postoperatoria",
                                    "value": "",
                                    "type": "exception"
                                },
                                {
                                    "row_parameter_name": "consulta preoperatoria",
                                    "value": "",
                                    "type": "exception"
                                }
                            ]
                        }
                    ]
                },
                {
                    "column_parameter_name": "Reembolso",
                    "column_parameter_details": [
                        {
                            "sub_column_parameter_name": "",
                            "row_parameters": [
                                {
                                    "row_parameter_name": "suma asegurada",
                                    "value": "40,000",
                                    "unit": "mn",
                                    "type": "std"
                                },
                                {
                                    "row_parameter_name": "deducible",
                                    "value": "",
                                    "unit": "",
                                    "type": "std"
                                },
                                {
                                    "row_parameter_name": "coaseguro",
                                    "value": "",
                                    "unit": "",
                                    "type": "std"
                                },
                                {
                                    "row_parameter_name": "tope de coaseguro",
                                    "value": "",
                                    "unit": "",
                                    "type": "std"
                                },
                                {
                                    "row_parameter_name": "territorio de cobertura",
                                    "value": "",
                                    "type": "std"
                                },
                                {
                                    "row_parameter_name": "periodo espera",
                                    "value": "1",
                                    "unit": "año",
                                    "type": "std"
                                },
                                {
                                    "row_parameter_name": "gastos cubiertos",
                                    "value": "",
                                    "type": "std"
                                },
                                {
                                    "row_parameter_name": "gastos no cubiertos",
                                    "value": "",
                                    "type": "std"
                                },
                                {
                                    "row_parameter_name": "aplicación de deducible y/o coaseguro",
                                    "value": "false",
                                    "type": "std"
                                },
                                {
                                    "row_parameter_name": "condiciones generales",
                                    "value": "Para los demás términos y condiciones, aplicarán las Condiciones Generales vigentes del producto contratado. Este Endoso forma parte del Contrato de Seguro.",
                                    "type": "std"
                                },
                                {
                                    "row_parameter_name": "consulta postoperatoria",
                                    "value": "",
                                    "type": "exception"
                                },
                                {
                                    "row_parameter_name": "consulta preoperatoria",
                                    "value": "",
                                    "type": "exception"
                                }
                            ]
                        }
                    ]
                }
            ]
        },
        "legal": ""
    },
    "global_information": {
        "effective_date": "",
        "expiration_date": "",
        "factor": "",
        "type": ""
    },
    "business_rules": {
        "experience": "",
        "product_type": "",
        "min_net_premium": "",
        "min_population": ""
    },
    "status": "",
    "comment": [
        {
            "name": "",
            "date": "",
            "comment": ""
        }
    ]
}