{
    "endoso_id": "endoso_84",
    "endoso_master_id": "84",
    "contract_no": "FW59484A",
    "subgrupo": "BASICO",
    "type": "standard",
    "endoso_details": {
        "name": "URGENCIA MÉDICA EN EL EXTRANJERO (UMEX)",
        "key": "",
        "title": "",
        "subtitle": "",
        "description": "Por medio de este endoso se hace constar que se otorga de forma conjunta para las siguientes pólizas: * Fondo especial por un monto de: No M.N. Este fondo cubre a solicitud del Contratante única y exclusivamente: * Gastos Médicos no cubiertos en Condiciones Generales y Condiciones Especiales, * Gastos Médicos no cubiertos por agotamiento de Suma Asegurada, * Montos que los Asegurados deban afrontar por concepto de Deducibles y/o Coaseguros, * Gastos Médicos de Asegurados que se generen antes de que estén dados de alta o durante Periodos al Descubierto, * Gastos Médicos que no hayan cumplido su Periodo de Espera, * Gastos Médicos generados por Preexistencias, * Cualquier otro gasto relacionado con un gasto medico mayor ocurrido durante la vigencia. Para solicitar el pago afectando al fondo especial, el Contratante debe presentar una carta con los siguientes datos: - Nombre del Afectado. - Monto. - Número de la póliza. - Número de siniestro si aplica. - Motivo de la solicitud. - Beneficiario del pago. - Tipo de pago (transferencia electrónica, orden de pago.) - Correo electrónico a quien se le enviará la notificación del pago. - Conceptos e importes solicitados para reembolso y que son susceptibles de pago por medio del fondo especial, de acuerdo a las especificaciones del endoso. Para este Endoso sí es aplicable el Endoso de Aplicación de Deducible y/o Coaseguro. Para los demás términos y condiciones, aplicarán las Condiciones Generales vigentes del producto contratado. Este Endoso forma parte del Contrato de Seguro.",
        "parameters": {
            "column_parameters": [
                {
                    "column_parameter_name": "Urgencias Médicas",
                    "column_parameter_details": [
                        {
                            "sub_column_parameter_name": "",
                            "row_parameters": [
                                {
                                    "row_parameter_name": "suma asegurada",
                                    "value": "",
                                    "unit": "",
                                    "type": "std"
                                },
                                {
                                    "row_parameter_name": "deducible",
                                    "value": "",
                                    "unit": "",
                                    "type": "std"
                                },
                                {
                                    "row_parameter_name": "coaseguro",
                                    "value": "",
                                    "unit": "",
                                    "type": "std"
                                },
                                {
                                    "row_parameter_name": "información adicional",
                                    "value": "",
                                    "type": "std"
                                },
                                {
                                    "row_parameter_name": "gastos cubiertos",
                                    "value": "Gastos Médicos no cubiertos en Condiciones Generales y Condiciones Especiales, Gastos Médicos no cubiertos por agotamiento de Suma Asegurada, Montos que los Asegurados deban afrontar por concepto de Deducibles y/o Coaseguros, Gastos Médicos de Asegurados que se generen antes de que estén dados de alta o durante Periodos al Descubierto, Gastos Médicos que no hayan cumplido su Periodo de Espera, Gastos Médicos generados por Preexistencias, Cualquier otro gasto relacionado con un gasto medico mayor ocurrido durante la vigencia.",
                                    "type": "std"
                                },
                                {
                                    "row_parameter_name": "gastos no cubiertos",
                                    "value": "",
                                    "type": "std"
                                },
                                {
                                    "row_parameter_name": "aplicación de deducible y/o coaseguro",
                                    "value": "true",
                                    "type": "std"
                                },
                                {
                                    "row_parameter_name": "condiciones generales",
                                    "value": "Para los demás términos y condiciones, aplicarán las Condiciones Generales vigentes del producto contratado. Este Endoso forma parte del Contrato de Seguro.",
                                    "type": "std"
                                },
                                {
                                    "row_parameter_name": "elegibilidad",
                                    "value": "",
                                    "type": "exception"
                                },
                                {
                                    "row_parameter_name": "periodo de espera",
                                    "value": "",
                                    "type": "exception"
                                },
                                {
                                    "row_parameter_name": "tope de coaseguro",
                                    "value": "",
                                    "type": "exception"
                                },
                                {
                                    "row_parameter_name": "territorio de cobertura",
                                    "value": "",
                                    "type": "exception"
                                }
                            ]
                        }
                    ]
                },
                {
                    "column_parameter_name": "Accidente",
                    "column_parameter_details": [
                        {
                            "sub_column_parameter_name": "",
                            "row_parameters": [
                                {
                                    "row_parameter_name": "suma asegurada",
                                    "value": "",
                                    "unit": "",
                                    "type": "std"
                                },
                                {
                                    "row_parameter_name": "deducible",
                                    "value": "",
                                    "unit": "",
                                    "type": "std"
                                },
                                {
                                    "row_parameter_name": "coaseguro",
                                    "value": "",
                                    "unit": "",
                                    "type": "std"
                                },
                                {
                                    "row_parameter_name": "información adicional",
                                    "value": "",
                                    "type": "std"
                                },
                                {
                                    "row_parameter_name": "gastos cubiertos",
                                    "value": "",
                                    "type": "std"
                                },
                                {
                                    "row_parameter_name": "gastos no cubiertos",
                                    "value": "",
                                    "type": "std"
                                },
                                {
                                    "row_parameter_name": "aplicación de deducible y/o coaseguro",
                                    "value": "",
                                    "type": "std"
                                },
                                {
                                    "row_parameter_name": "condiciones generales",
                                    "value": "Para los demás términos y condiciones, aplicarán las Condiciones Generales vigentes del producto contratado. Este Endoso forma parte del Contrato de Seguro.",
                                    "type": "std"
                                },
                                {
                                    "row_parameter_name": "elegibilidad",
                                    "value": "",
                                    "type": "exception"
                                },
                                {
                                    "row_parameter_name": "periodo de espera",
                                    "value": "",
                                    "type": "exception"
                                },
                                {
                                    "row_parameter_name": "tope de coaseguro",
                                    "value": "",
                                    "type": "exception"
                                },
                                {
                                    "row_parameter_name": "territorio de cobertura",
                                    "value": "",
                                    "type": "exception"
                                }
                            ]
                        }
                    ]
                }
            ]
        },
        "legal": "Para los demás términos y condiciones, aplicarán las Condiciones Generales vigentes del producto contratado. Este Endoso forma parte del Contrato de Seguro."
    },
    "global_information": {
        "effective_date": "",
        "expiration_date": "",
        "factor": "",
        "type": ""
    },
    "business_rules": {
        "experience": "",
        "product_type": "",
        "min_net_premium": "",
        "min_population": ""
    },
    "status": "",
    "comment": [
        {
            "name": "",
            "date": "",
            "comment": ""
        }
    ]
}